"","datadate","JD","SOGO","BILI","HUYA","CANG","PDD","NIO","QTT","MOGU","TME","FUTU","DOYU","BEKE","SPY"
"1",2020-03-03,-0.0424942263279445,-0.00492610837438412,-0.0363569592361367,-0.00928313563692629,0.0357142857142858,-0.0458544388163156,-0.0121654501216547,0.05,-0.00564971751412435,0.00247320692497932,-0.00901639344262295,0.0230769230769232,.,-0.0286324371542268
"2",2020-03-04,0.0590931017848528,0.00247524752475248,0.049923780487805,0.0609057782404996,-0.0220689655172414,0.0139703827884885,-0.0467980295566501,-0.0285714285714287,0.0439204545454546,0.0353618421052631,0.0239867659222499,0.0225563909774436,.,0.0420330402344791
"3",2020-03-05,0.0161694374857664,-0.0271604938271605,0.0203266787658802,-0.0137389597644748,0.0084626234132581,-0.00468448608432082,-0.0387596899224806,-0.0627450980392156,0.00146954770587282,-0.00238284352660834,0.0193861066235863,-0.0171568627450981,.,-0.0332417055552006
"4",2020-03-06,-0.0551322277005827,-0.0228426395939086,-0.0508715759516186,-0.00995024875621908,0,0.017718715393134,-0.0456989247311829,-0.0104602510460251,-0.0316304347826087,-0.0390127388535032,0.0301109350237718,-0.057356608478803,.,-0.0165311115519408
"5",2020-03-09,-0.0533681214421252,0.00779220779220768,-0.0584707646176911,-0.0457286432160804,-0.00839160839160846,-0.00680087051142542,-0.0732394366197182,-0.0465116279069768,-0.0346840273880347,-0.0231980115990059,-0.167692307692308,-0.0145502645502644,.,-0.0780945337188192
"6",2020-03-10,0.0473565522425456,0.0335051546391751,0.0350318471337578,-0.00789889415481826,-0.0112834978843441,0.03231991235278,0.0638297872340425,0.124168514412417,-0.0465116279069768,0.0288379983036473,0.0850277264325323,0.0201342281879193,.,0.0517448856799037
"7",2020-03-11,-0.00645933014354061,-0.00498753117206974,-0.0126923076923077,-0.0578556263269639,-0.0228245363766049,-0.0697797824356592,-0.0514285714285715,-0.0453648915187378,0.00609756097560976,-0.0305028854080792,-0.0187393526405452,-0.0407894736842105,.,-0.0487483530961792
"8",2020-03-12,-0.0787382614977126,-0.0200501253132832,-0.0728476821192053,-0.129014084507042,-0.105109489051095,-0.0641756988020536,-0.0572289156626505,-0.00619834710743805,-0.296969696969697,-0.0408163265306123,-0.095486111111111,-0.0521262002743484,.,-0.0956772124216358
"9",2020-03-13,0.0378985886042866,0.0281329923273657,-0.0180672268907562,-0.00388098318240626,0.00163132137030986,0.0289545870161534,-0.00638977635782745,0.00623700623700629,-0.0517241379310344,0.0106382978723405,0.00767754318618041,0.115774240231548,.,0.0854862762484381
"10",2020-03-16,-0.112566104255855,-0.139303482587065,-0.0517757809157039,-0.0623376623376624,-0.022801302931596,-0.0465047393364929,-0.0546623794212219,-0.121900826446281,-0.0909090909090909,-0.0307017543859649,0.0323809523809524,-0.0440985732814526,.,-0.10942373384821
"11",2020-03-17,0.0882519863791147,0.0173410404624277,0.0988267148014441,0.0283933518005541,0.0116666666666667,0.0372786579683133,-0.0136054421768708,0.00470588235294112,0.04,-0.0497737556561086,0.0479704797047971,0.0678426051560379,.,0.0539920783823225
"12",2020-03-18,-0.0169491525423728,-0.09375,-0.137166324435318,-0.167676767676768,-0.120263591433278,-0.0485175202156335,-0.162068965517241,-0.0398126463700234,-0.00961538461538458,-0.0476190476190477,-0.217429577464789,-0.0177890724269377,.,-0.0506329113924051
"13",2020-03-19,-0.0129973474801062,0.0376175548589341,-0.00809138505473594,0.0550161812297734,-0.0617977528089888,0.0638967579477494,-0.0205761316872429,-0.107317073170732,0.281553398058253,-0.016,-0.0134983127109113,0.040103492884864,.,0.00212499999999993
"14",2020-03-20,0.012093523246439,0.0241691842900302,-0.0311900191938579,0.0245398773006136,0.117764471057884,-0.00680473372781054,0.00840336134453779,-0.101092896174863,-0.159090909090909,-0.0345528455284553,-0.0114025085518814,-0.0982587064676615,.,-0.0486882042326722
"15",2020-03-23,0.0252257036643655,-0.0294985250737463,0.00346706290242693,0.00973053892215581,-0.105357142857143,0.0157879058683348,-0.0125,-0.282674772036474,0.018108108108108,-0.00526315789473697,-0.0380622837370242,-0.0344827586206896,.,-0.0255681818181819
"16",2020-03-24,0.0621600621600622,0.0182370820668694,0.0957551826258636,0.0511489992587102,0.0528942115768465,0.0571847507331378,0.0970464135021096,0.194915254237288,0.123794354481904,0.0518518518518518,0.0671462829736211,-0.0442857142857143,.,0.0906032742767438
"17",2020-03-25,0.00829066081443552,0.0417910447761194,0.0301801801801802,0.0564174894217209,-0.0597156398104266,0.0335644937586685,0.0615384615384613,-0.024822695035461,-0.094488188976378,-0.0191146881287726,0.0674157303370786,-0.00298953662182366,.,0.0149701830146001
"18",2020-03-26,0.0159613059250301,-0.0343839541547278,0.00743331875819853,0.114819759679573,0.0786290322580645,-0.00670960815888355,0.0615942028985508,-0.0399999999999999,-0.0434782608695651,0.0235897435897436,0.0315789473684212,0.0284857571214394,.,0.0583897240568905
"19",2020-03-27,-0.0442751725779577,-0.0326409495548963,-0.0403645833333334,-0.0125748502994012,-0.0654205607476634,-0.0456633342339907,-0.0307167235494882,-0.0719696969696969,-0.0727272727272728,-0.0511022044088176,-0.0377551020408164,-0.0364431486880467,.,-0.0297856049004595
"20",2020-03-30,0.005977584059776,0.00613496932515334,0.038444142921755,0.0248635536688901,0.0699999999999998,0.00877689694224237,-0.0457746478873239,-0.0571428571428572,0.0392156862745099,0.0221752903907073,-0.0201484623541887,-0.0559757942511346,.,0.0324757319864257
"21",2020-03-31,0.00272344639762312,0.024390243902439,0.020034843205575,0.00295857988165693,0.0448598130841122,0.0112264945270839,0.0258302583025829,0.0346320346320346,0.0801886792452831,0.0392561983471076,0.024891774891775,0.0272435897435896,.,-0.0149054079877698
"22",2020-04-01,0.0101234567901234,-0.0148809523809523,0.0273270708795899,-0.0147492625368731,-0.0608228980322003,-0.00360810435747994,-0.0467625899280575,0.00418410041841,-0.0895196506550219,0.00596421471172959,0.0454065469904963,-0.0218408736349455,.,-0.0450048496605238
"23",2020-04-02,-0.0202884380347103,0.0060422960725075,0.0149625935162097,0.0173652694610777,0.0285714285714287,0.0105849582172703,-0.0981132075471698,0.0291666666666668,-0.0598561151079137,0.0879446640316206,0.0242424242424242,0.0446570972886762,.,0.0230753605525087
"24",2020-04-03,-0.00474051896207583,-0.00900900900900903,-0.0126945126945128,-0.0600353148911122,-0.0629629629629631,0.0170893054024255,0.00418410041841,-0.0526315789473686,-0.0207121722273237,-0.0345140781108083,0.0394477317554238,0.0931297709923664,.,-0.0144541952904738
"25",2020-04-06,0.0418651291050389,0.0212121212121212,0.0601410203235171,0.0100187852222917,0.00592885375494068,0.0430894308943091,0.0291666666666668,0.0641025641025643,0.0141696186705564,-0.00376293508936976,0.0246679316888048,0.0432960893854748,.,0.0671662838954028
"26",2020-04-07,0.0103464870067373,0.0118694362017804,0.0363849765258215,-0.0650960942343459,0.00196463654223966,0.055598856845934,0.0931174089068825,0.0441767068273091,-0.00955414012738864,0.0132200188857414,-0.0240740740740742,-0.0200803212851405,.,0.00101940647889442
"27",2020-04-08,-0.0195284591569421,0.00293255131964809,-0.0109475273688184,0.0192307692307692,0.0235294117647058,-0.0226433669702191,0.0148148148148148,0.0307692307692309,0.00611969712685401,0.0242311276794036,0.00759013282732446,-0.0437158469945356,.,0.0335684381246935
"28",2020-04-09,0.0240466358999269,0.0233918128654971,0.0240458015267175,0.0162654521795706,-0.00316091954022979,0.0334928229665072,-0.0255474452554746,0.0186567164179103,-0.0309278350515464,-0.00181983621474069,-0.00188323917137467,0.0428571428571429,.,0.0152173119731416
"29",2020-04-13,0.0147058823529413,-0.00857142857142856,-0.023108460678345,0.0211267605633803,0.0300759104448929,0.0092592592592593,0.112359550561798,0.0073260073260073,0.0851063829787235,-0.00638103919781219,-0.0169811320754717,-0.010958904109589,.,-0.00913012221423426
"30",2020-04-14,0.0252454417952315,-0.0115273775216138,0.04845478824876,0.0394984326018808,0.0195895522388059,0.0388701110574601,0.0134680134680134,0.109090909090909,-0.028921568627451,0.0201834862385319,0.017274472168906,0.0138504155124655,.,0.0294928535151999
"31",2020-04-15,0.0168718650250799,-0.0262390670553937,0.022561863173217,-0.00241254523522316,-0.0512351326623971,0.0199860562398326,0.0631229235880399,-0.0754098360655737,0.019989904088844,-0.0260791366906474,-0.00943396226415094,-0.0122950819672131,.,-0.0212481059938688
"32",2020-04-16,0.0650224215246638,0.00898203592814384,0.0241992882562276,-0.0296251511487302,0.0183220829315334,0.0280246069719754,0.015625,0.0283687943262412,-0.0249430862120162,-0.000923361034164349,0.0161904761904761,0.0138312586445366,.,0.00482430875576045
"33",2020-04-17,-0.028421052631579,0.0178041543026706,0.00764419735927713,0.0311526479750779,0.0227272727272727,-0.014627659574468,-0.0123076923076924,0.00344827586206908,0.0557303827022637,0.00646950092421439,0.00281162136832225,0.028649386084584,.,0.0270154066642778
"34",2020-04-20,-0.0205850487540628,-0.00874635568513127,0.0234482758620689,-0.022356495468278,-0.0462962962962963,0.127080521817364,-0.00623052959501558,-0.013745704467354,-0.0192307692307693,0.027548209366391,-0.0177570093457944,0.00795755968169765,.,-0.0176179179458554
"35",2020-04-21,-0.0433628318584071,-0.0147058823529411,-0.0373989218328841,-0.0624227441285538,-0.00388349514563113,0.0165635601676313,-0.0532915360501567,-0.118466898954704,0,-0.0205540661304735,-0.0352045670789723,-0.0789473684210525,.,-0.0303632941510705
"36",2020-04-22,0.0404717853839038,-0.0119402985074627,0.0570528526426322,0.0177982860909689,-0.00389863547758273,0.0237534354142128,0.0231788079470199,0.0316205533596838,-0.0294117647058824,0.0145985401459852,0.0532544378698223,0.0357142857142858,.,0.0221945502490477
"37",2020-04-23,-0.0011113580795733,0.00906344410876136,-0.0725165562913906,-0.00323834196891182,0.029354207436399,-0.0571428571428571,-0.00970873786407755,-0.0459770114942527,0.0237373737373738,-0.0161870503597122,-0.0337078651685393,-0.023448275862069,.,-7.16589036189319e-05
"38",2020-04-24,0.00244770805518457,0.00898203592814384,-0.00963941449482342,0.0532813515269657,-0.00190114068441061,0.00813504169208867,-0.0392156862745099,-0.0200803212851407,0.0261470152935372,-0.0173674588665448,0.0164728682170543,0.0268361581920904,.,0.0139386555826289
"39",2020-04-27,0.0117647058823529,0.0237388724035608,-0.00108147080028831,0.00678593460826638,-0.00761904761904764,0.0326810570909823,0.102040816326531,0.0614754098360655,0.0865384615384615,0.0260465116279069,-0.00190657769304092,0.0398899587345254,.,0.0144184895925363
"40",2020-04-28,-0.0438788942518649,-0.0318840579710146,-0.0270660411403826,-0.0373774509803921,0.00959692898272557,-0.0611447548349286,0.0308641975308641,-0.081081081081081,0.0221238938053099,-0.014505893019039,0,-0.0396825396825397,.,-0.00459850200313527
"41",2020-04-29,0.0174391922900414,0.0209580838323353,0.0296735905044512,0.0178230426479948,0.0551330798479088,0.0166458593424885,0.0808383233532934,0.0294117647058825,0.0562770562770563,0.0349586016559338,0.026743075453677,0.0303030303030305,.,0.02617856017919
"42",2020-04-30,-0.0279657194406856,0.0439882697947214,-0.013328530259366,0.0150093808630394,-0.0432432432432432,-0.0290626279164962,-0.0554016620498614,0.00408163265306105,-0.0245901639344263,0.0142222222222221,0.0372093023255815,0.0147058823529411,.,-0.00931073292179652
"43",2020-05-01,-0.039907192575406,-0.050561797752809,-0.0821467688937568,-0.0690080098582871,-0.0583804143126176,-0.0423693086003373,-0.0674486803519061,-0.0487804878048781,-0.113865546218487,-0.0604732690622261,-0.0636771300448431,-0.077733860342556,.,-0.0264734232993665
"44",2020-05-04,0.0210246495891735,0.00591715976331364,0.0552903739061257,-0.000661813368630026,-0.014,0.020691173233546,0.050314465408805,0,-0.0327169274537695,-0.00466417910447769,-0.00191570881226044,0,.,0.00275823048905544
"45",2020-05-05,0.0205917159763314,-0.0294117647058824,0.0369393139841689,-0.0264900662251656,-0.0243407707910751,0.0506793185249084,-0.0179640718562875,-0.0512820512820511,0,-0.0103092783505154,0.027831094049904,0.01,.,0.00923934125612735
"46",2020-05-06,0.00417439703153999,0.0333333333333334,0.0170846964740095,0.0231292517006803,0.0498960498960499,0.00985221674876846,0.103658536585366,0.0225225225225225,-0.0196078431372549,-0.000946969696969724,0.0317460317460316,0.0141442715700142,.,-0.00677871344211889
"47",2020-05-07,0.0337182448036952,0.0175953079178885,0.0239456754824874,0.0305851063829787,0.00594059405940595,0.0172764227642275,0.00276243093922646,0.0352422907488987,0.0800000000000001,-0.0113744075829385,0.0289592760180994,-0.00139470013946996,.,0.0120668425681618
"48",2020-05-08,0.045129579982127,0.00576368876080702,0.0122164048865621,0.0225806451612902,0.0236220472440944,0.0909090909090911,0.0385674931129476,0.0127659574468084,0,0.0575263662511984,0.0536499560246264,0.0418994413407821,.,0.0165461624026697
"49",2020-05-11,-0.0012825994014537,0.0114613180515759,-0.0110344827586207,0.0157728706624607,-0.0134615384615385,0.0062271062271062,-0.00795755968169753,0.0798319327731092,0.0185185185185186,0.0344514959202176,0.0267111853088482,0.00402144772117974,.,0.000205170291341927
"50",2020-05-12,0.00663527397260277,0,0.0195258019525801,-0.0161490683229815,-0.00389863547758273,0.0526028394612303,-0.0320855614973262,-0.00389105058365746,-0.0181818181818182,0.0175284837861525,0.00813008130081294,0.02803738317757,.,-0.0199316239316238
"51",2020-05-13,0.0165851584095258,-0.00566572237960339,0.0492476060191518,0.0119949494949496,-0.0215264187866928,0.0345841258862183,-0.0497237569060774,-0.0703125000000001,-0.0462962962962963,0.00689061154177439,-0.00967741935483879,-0.051948051948052,.,-0.0176858408623155
"52",2020-05-14,0.0240535452834134,-0.0284900284900284,0.0114080834419819,0.0193387398627574,0.016,0.0168811632960055,0.00290697674418605,0.0168067226890756,0.0194174757281553,0.017108639863131,0.0390879478827362,-0.0054794520547945,.,0.0119673295454545
"53",2020-05-15,0.0386029411764706,0.0293255131964809,-0.00483403158233975,0.0483476132190941,-0.00787401574803148,0.0075608152531228,-0.0231884057971015,0.0206611570247934,0,0.00588730025231299,0.0274294670846396,0.0468319559228649,.,0.00459697512018797
"54",2020-05-18,0.0920353982300885,-0.0113960113960113,0.0900259067357512,0.0215995329830707,0.00396825396825395,0.0841761827079934,0.0712166172106825,0.0202429149797569,0.0857142857142856,0.035953177257525,-0.0305110602593439,-0.013157894736842,.,0.030459689814168
"55",2020-05-19,-0.0228705204394022,-0.0317002881844382,0.0463458110516934,0.0714285714285714,-0.0079051383399209,-0.0507071922961179,0.0221606648199446,0.0753968253968254,0,0.012913640032284,0.110936270653029,0.0333333333333334,.,-0.0102711864406779
"56",2020-05-20,0.000921489126428421,-0.0267857142857142,-0.0715502555366269,0.0213333333333332,0.00398406374501992,-0.0347123157394199,-0.056910569105691,-0.055350553505535,-0.0438596491228068,-0.0278884462151395,0.0736543909348442,0.0490322580645162,.,0.0169880467171284
"57",2020-05-21,-0.0320382986558645,-0.0305810397553518,0.0376146788990825,-0.10757180156658,-0.00793650793650791,-0.0147783251231527,-0.043103448275862,-0.0195312500000001,0.00917431192660545,-0.00491803278688518,-0.0765171503957783,-0.0639606396063961,.,-0.00690398410399762
"58",2020-05-22,-0.050789423625642,-0.0662460567823344,-0.0262304745063366,-0.090696313633704,0.004,0.145,-0.0180180180180181,-0.0717131474103585,0,-0.0156507413509062,-0.0128571428571428,-0.0919842312746386,.,0.00189907759088448
"59",2020-05-26,0.0541082164328659,0.14527027027027,0.00272397094431009,0.0501930501930503,-0.0119521912350596,-0.0554585152838428,0.168195718654434,-0.0214592274678113,0,0,0.0636758321273516,0.186685962373372,.,0.012320606552938
"60",2020-05-27,-0.00836501901140696,-0.0176991150442478,-0.0250528222155147,-0.00122549019607843,0.00806451612903225,-0.070426876252119,0.0916230366492148,0.0307017543859651,0.122727272727273,0.0234309623430964,-0.010204081632653,-0.00853658536585344,.,0.0148789621505951
"61",2020-05-28,-0.0218558282208587,-0.0540540540540541,-0.048297213622291,-0.0423312883435584,-0.038,0.00066312997347473,-0.0815347721822541,-0.00425531914893629,0.214574898785425,0,0.0226804123711339,0.105781057810578,.,-0.00184495766481052
"62",2020-05-29,0.0648765190121521,0.0126984126984127,0.0549772283669487,-0.00576553491351695,-0.00207900207900202,0.107852882703777,0.0391644908616189,0.017094017094017,-0.123333333333333,0.0564186426819295,0.0745967741935483,0.00111234705228025,.,0.00445588672145747
"63",2020-06-01,0.00736241487207812,0.00313479623824464,0.0194264569842739,0.0341494845360826,0.0083333333333333,-0.0165993719156572,0.0703517587939697,0.147058823529412,-0.064638783269962,-0.0247678018575852,0.0531582238899311,0,.,0.00404179810725558
"64",2020-06-02,0.0162616480906268,0.015625,0.0341802782819116,0.0323987538940809,-0.0165289256198348,0.0234184914841848,0.103286384976526,0,0.317073170731707,0.0325396825396826,0.125296912114014,-0.00888888888888895,.,0.00828015054819176
"65",2020-06-03,0.0199568500539373,0.0276923076923077,-0.00116993272886812,0.0150875075437538,-0.0252100840336135,0.0126300148588412,0.191489361702128,0.054945054945055,-0.0185185185185185,-0.00845503458877783,0.0580474934036941,0.0560538116591929,.,0.0133082316281485
"66",2020-06-04,-0.00370174510840815,0.0299401197604792,-0.0172767203513908,0.00653983353151011,-0.0193965517241379,-0.0275862068965519,0.0660714285714286,0.0104166666666667,0.0251572327044023,-0.0271317829457364,-0.0927680798004987,-0.0233545647558387,.,-0.00262668973028379
"67",2020-06-05,0.0445859872611465,0.0145348837209303,0.0280095351609058,-0.0147666863555818,0.0219780219780221,0.0517579598611742,-0.0636515912897823,-0.0343642611683849,-0.0736196319018404,-0.0231075697211156,-0.0104452996151733,-0.0086956521739131,.,0.0256294964028776
"68",2020-06-08,0.00220189701897033,0.0200573065902578,0.0133333333333334,-0.00539568345323738,0.0795698924731181,-0.0199426111908177,0.0679785330948122,-0.0355871886120996,0.0728476821192054,0.0106035889070148,0.101111111111111,-0.00548245614035081,.,0.0120874303250456
"69",2020-06-09,-0.00591515970931222,-0.0252808988764045,-0.0311784897025172,-0.0409885473176612,-0.00400398406374491,0.0156638852291024,0.11892797319933,0.033210332103321,0,-0.00322841000807106,0.00252270433905144,-0.0143329658213893,.,-0.00745668316831671
"70",2020-06-10,0.031961917715063,0.0403458213256482,0.0475346914673753,0.00817096165933373,-0.0399807996159924,0.0492937445949841,-0.0568862275449101,-0.0285714285714285,-0.0370370370370371,0.0129554655870445,-0.0105686965274283,-0.00335570469798652,.,-0.00557997443810598
"71",2020-06-11,-0.057001647446458,0.0166204986149585,-0.044532130777903,0.0754364089775561,-0.0145833333333332,-0.0177197802197802,-0.0619047619047619,-0.0772058823529413,-0.0833333333333334,-0.00879296562749798,-0.0762970498474059,0.00897867564534227,.,-0.0576489028213165
"72",2020-06-12,0.0131027253668763,-0.00817438692098083,0.0581120943952802,-0.0446376811594202,0.029598308668076,0.0223744930778911,0.0321489001692046,0.0398406374501992,0.0419580419580421,-0.00806451612903225,0.034691629955947,-0.00111234705228025,.,0.0119756495126575
"73",2020-06-15,0.026211415761338,0.0879120879120878,0.0652355729021468,0.058252427184466,-0.0143737166324436,0.0623717685679115,0.119672131147541,0.0459770114942528,0.093959731543624,0.0365853658536586,0.0989888238424694,0.0612472160356345,.,0.00933565629006283
"74",2020-06-16,0.024701730801546,0.0732323232323233,0.0295734101020675,0.0602064220183485,-0.0166666666666667,0.00424874468906911,0.0234260614934114,0.0366300366300367,0.0799386503067485,-0.00862745098039208,0.0624697336561744,0.104931794333683,.,0.0192476795310208
"75",2020-06-17,0.0168907838635619,0.0188235294117647,0.0449923741738687,0.0292049756625203,-0.0148305084745761,0.0615384615384615,-0.0214592274678113,-0.03886925795053,0.00551042435948412,-0.011867088607595,-0.00911577028258903,0.01329534662868,.,-0.00415388548057249
"76",2020-06-18,-0.0196742460893404,-0.00692840646651272,0.0364874726343956,0.023121387283237,0.00270967741935491,-0.00458937198067633,0.0497076023391814,-0.0441176470588236,-0.0271186440677966,0.0288230584467573,-0.00413983440662369,0.0159325210871601,.,0.00038503497400999
"77",2020-06-19,-0.0353676591544662,0.0116279069767442,0.0495188922788077,0.0385208012326657,0.0080212756830953,0.0626061635525357,0.0222841225626742,0.103846153846154,-0.0301974448315911,0.0568093385214008,0.0230946882217089,0.0212177121771218,.,-0.0100712040541407
"78",2020-06-22,0.00767394270122779,-0.0183908045977011,-0.0409212880143113,-0.0356083086053411,-0.0138297872340426,-0.0661109842429778,0.0122615803814714,0.0418118466898956,0.0179640718562875,0.00294550810014726,0.0130925507900679,0.00813008130081294,.,0.00641524105754288
"79",2020-06-23,0.0140463699441529,0.0351288056206089,0.0408020517603171,-0.0502564102564103,0.0442286947141317,0.0226189020662673,-0.0269179004037684,-0.00334448160535128,0.0323529411764705,0.000734214390602173,0.0833333333333333,0.0268817204301075,.,0.00460369583413822
"80",2020-06-24,-0.00133511348464621,-0.0701357466063347,-0.0136648745519713,-0.0291576673866091,0.0516322314049587,0.0102821616451458,-0.0511756569847857,-0.0302013422818791,0.0142450142450143,-0.00880410858400593,-0.00987248046071565,-0.080279232111693,.,-0.0255087325749079
"81",2020-06-25,0.0111965240641709,0.00486618004866179,0.0122643652055416,0.0311457174638488,0.0805713275309927,0.0177514792899409,0.032069970845481,0.0380622837370241,0.00561797752808979,0.00666173205033305,0.0369754881595348,0.0531309297912714,.,0.0107205103752179
"82",2020-06-26,-0.0142125268550652,-0.0193704600484261,-0.00112183082791106,0.00485436893203883,0.0054545454545456,-0.00976744186046519,-0.0254237288135593,-0.0600000000000001,-0.0251396648044693,-0.0257352941176471,-0.0260416666666667,0.00540540540540535,.,-0.0237514234585977
"83",2020-06-29,-0.001173512154233,0.0123456790123457,0.0220125786163521,0.0107353730542137,0.030741410488246,0.0271254109910757,0.0478260869565217,0.0106382978723405,0.0200573065902578,0,-0.0477169888934595,0.0591397849462365,.,0.0146975504082651
"84",2020-06-30,0.0100704934541793,0.0195121951219512,0.0180219780219781,-0.00849707912904918,0.0614035087719298,-0.0186349605579055,0.0677731673582296,0.0456140350877192,0.0112359550561798,0.0158490566037737,0.0224622030237582,-0.023688663282572,.,0.0128095644748081
"85",2020-07-01,-0.00299102691924225,-0.0263157894736841,0.0179188255613125,0.0439207284413496,-0.0578512396694214,-0.00454333643988813,0.0246113989637307,0.0369127516778522,0.111111111111111,-0.00817236255572074,-0.018166455428813,0.00259965337954959,.,0.00700479958490074
"86",2020-07-02,0.0231666666666668,0.00491400491400484,0.0218451749734889,-0.000513083632632028,0.0122807017543858,0.088355763604447,0.185840707964602,0.119741100323625,0.0525,0.0599250936329589,0.147160068846816,0.0293863439930855,.,0.00550689166559337
"87",2020-07-06,0.0301352011728295,0.0464547677261615,-0.0838522208385222,0.154004106776181,-0.0121317157712304,-0.0645161290322581,0.227078891257996,0.210982658959538,0.3729216152019,0.111660777385159,0.101275318829707,0.0445004198152812,.,0.0154373378599109
"88",2020-07-07,-0.0248260594560404,0.0186915887850467,0.0473493429995469,-0.00266903914590744,-0.00526315789473686,0.0459770114942528,0.148566463944396,-0.0715990453460621,1.04844290657439,0.0438652256834076,0.0483651226158039,0.0233118971061095,.,-0.0103138306260844
"89",2020-07-08,0.0601589103291713,0.0917431192660549,0.00951762924507915,0.055307760927743,-0.00176366843033504,0.0143956043956044,-0.0257186081694403,0.0179948586118253,-0.163851351351351,0.02557856272838,0.00162443144899282,0.0196386488609583,.,0.00764867104340627
"90",2020-07-09,0.0302844906699298,0.165966386554622,0.0334261838440111,0.0274725274725274,-0.010600706713781,-0.0223161087639476,0.131211180124224,0.0151515151515151,-0.0505050505050505,0.0391923990498813,0.0220564385338957,0.0516178736517718,.,-0.0056929597064963
"91",2020-07-10,-0.025979809976247,-0.00900900900900903,-0.0140991084387311,0.00370218017276835,-0.0464285714285714,-0.0326869806094183,0.0281400137268359,-0.0323383084577114,-0.106382978723404,-0.0234285714285715,-0.0377657886385275,-0.0227106227106227,.,0.0102105731916788
"92",2020-07-13,-0.0504496265813139,-0.0181818181818181,-0.0471083070452154,-0.0270491803278688,-0.0318352059925093,0.011225658648339,-0.0761014686248331,-0.0591259640102828,-0.114285714285714,-0.0450555880631949,-0.0105540897097626,-0.0292353823088456,.,-0.00865896281369061
"93",2020-07-14,-0.00272873194221501,-0.0814814814814816,-0.0293533436327522,0.00968828980623426,-0.0174081237911025,-0.0107612143180789,0.0180635838150289,-0.0819672131147542,-0.137096774193548,0.00245098039215685,-0.0143333333333333,-0.0177606177606177,.,0.0129589632829374
"94",2020-07-15,0.00676001931434089,0.00806451612903225,-0.0172805820827648,-0.0095953274926992,0.045275590551181,-0.0232451620290851,-0.0404542228530873,0.0982142857142858,0.0654205607476634,-0.00855745721271395,0.00676361176868445,-0.0314465408805031,.,0.00918725699234924
"95",2020-07-16,-0.0134292565947242,-0.038,-0.015733456732994,-0.00800336983993255,0.00941619585687392,-0.0205158264947245,-0.0428994082840237,-0.230352303523035,-0.0906432748538012,-0.0234278668310727,-0.0127645280483708,-0.0219155844155844,.,-0.00329345968618922
"96",2020-07-17,0.00680602819640264,-0.0415800415800415,-0.0150446638457922,0.0309978768577495,-0.0671641791044777,-0.0129263913824057,-0.142967542503864,-0.0176056338028169,0.0868167202572347,-0.0101010101010101,-0.0493365090166723,-0.0024896265560167,.,0.00289909286449075
"97",2020-07-20,0.0204410107838402,0.00650759219088926,0.0114558472553701,0.0222405271828665,0.02,0.028616466593913,0.155996393146979,0.021505376344086,-0.0502958579881657,0.0191326530612246,0.036148890479599,0.0648918469217972,.,0.00808156160636564
"98",2020-07-21,-0.0124605678233438,0.0818965517241379,0.0420009438414346,0.00604351329572927,0.0196078431372551,-0.0265236355063068,0.00468018720748842,0.0140350877192983,0.00934579439252348,0.0244055068836044,0.026252158894646,0.0499999999999998,.,0.002127528367045
"99",2020-07-22,-0.0122983548953841,-0.049800796812749,-0.0418931159420288,-0.0472567080496595,-0.0134615384615385,-0.0220392346815209,-0.0388198757763976,-0.055363321799308,-0.0895061728395061,-0.0146609651802078,-0.0434197239986536,-0.0900297619047619,.,0.00569213254976786
"100",2020-07-23,-0.0213454075032341,-0.00419287211740038,-0.0309619475301348,-0.0420344682639765,0.00389863547758296,-0.0211738484398218,-0.0185783521809371,-0.0109890109890109,-0.111864406779661,-0.0241785492870427,-0.0387051372273047,-0.0498773507767785,.,-0.01193171388362
"101",2020-07-24,0.00594844679444817,0.210526315789474,-0.0219512195121951,-0.0140412461605968,-0.0155339805825243,-0.00126502213788737,-0.0271604938271605,0.0703703703703704,-0.125954198473282,-0.00762388818297333,0.0497803806734993,-0.0120481927710843,.,-0.00644042605895467
"102",2020-07-27,0.0312089356110381,0.48,0.030423940149626,-0.00445037828215389,-0.0525641025641027,0.056871437618746,-0.0109983079526227,-0.013840830449827,0.0218340611353711,0.0262483994878362,0.0369595536959553,0.0252613240418118,.,0.00729244577412125
"103",2020-07-28,-0.0205479452054794,-0.0105757931844889,-0.0111326234269119,0.0183281180151988,-0.0277922348287706,0.00395493767976984,0.0496150556030797,0.0140350877192983,-0.0256410256410257,-0.0162195882719901,-0.00134498991257559,0.00169923534409522,.,-0.0063424293051173
"104",2020-07-29,0.0178890876565296,0.00831353919239919,0.0222711698482625,0.0298507462686568,0.0706638115631693,0.00310373642115325,0.0350448247758761,0.013840830449827,-0.0350877192982455,-0.00190234622701324,0.0760942760942762,0.0644614079728585,.,0.0122987825762058
"105",2020-07-30,-0.00479309793896798,-0.004711425206125,-0.011252094804884,-0.0012787723785167,-0.00399999999999989,0.0108294656670236,-0.0393700787401575,-0.0273037542662117,0.590909090909091,0.00508259212198214,0.0575719649561952,0.0470119521912351,.,-0.00356791338582685
"106",2020-07-31,0.0240809118638625,0.0201183431952663,0.0552058111380145,0.037985488689714,0.126506024096386,0.0807628914527903,-0.021311475409836,0.0807017543859649,-0.128571428571429,0.020227560050569,0.0168639053254438,0.0243531202435312,.,0.00790221014940107
"107",2020-08-03,0.0116005643517794,0.00696055684454766,0.0562184488297386,-0.00904605263157887,-0.0106951871657754,0.0460784313725491,0.139028475711893,0.025974025974026,-0.150819672131148,-0.0185873605947956,0.0381146348559791,0.0898959881129271,.,0.00695210094328069
"108",2020-08-04,0.000619866728653218,-0.00806451612903225,-0.018248968064306,0.0419087136929459,0.0193333333333334,-0.0209309590752891,0.00294117647058822,-0.0221518987341773,-0.00386100386100374,0.0132575757575759,0.0260650224215246,0.00817995910020453,.,0.00386264789075086
"109",2020-08-05,0.0147127148830726,0.00929152148664336,0.0073025005532199,0.0776583034647551,-0.00176762766690819,0.0365879600085088,0.0205278592375366,0.0291262135922332,-0.0271317829457366,0.02803738317757,0.100792133296913,0.0601757944557133,.,0.00621099194085928
"110",2020-08-06,-0.00931013431013428,-0.00575373993095496,-0.0237258347978911,0.0351071692535108,-0.00483416854071861,-0.059922019289965,-0.00574712643678166,0.0597484276729559,-0.0358565737051793,0.00424242424242416,-0.070471464019851,0.0153061224489797,.,0.00668453223329601
"111",2020-08-07,-0.0439069480819595,-0.00347222222222232,-0.0636813681368137,-0.0481970724741164,0.0836298932384341,-0.037328094302554,-0.0303468208092486,-0.086053412462908,0.024793388429752,-0.0331925165962583,-0.0392418579818473,-0.0408291457286433,.,0.000717853617683062
"112",2020-08-10,-0.00918466000644536,-0.00580720092915199,-0.0146599375150204,-0.0982745686421606,0.0804597701149425,-0.00759637188208617,0.0588673621460507,-0.025974025974026,-0.0201612903225806,-0.0205992509363296,-0.0283412058905252,-0.0851342501637197,.,0.00298891113967192
"113",2020-08-11,-0.00504147015774925,0,-0.0160975609756097,0.000831946755407653,0.00151975683890582,-0.00297041014509314,-0.0858550316678396,0.00333333333333319,-0.0781893004115226,-0.0121096239643085,-0.0277380611953102,0.0329277022190408,.,-0.00825461155645613
"114",2020-08-12,0.0281137626675383,0.014018691588785,0.0148735746157658,0.0694098088113051,0.0255690440060699,0.03254268362553,0.0284834488067744,-0.0365448504983388,-0.00446428571428581,-0.0167741935483871,0.0458823529411765,0.0249480249480249,.,0.0139423076923078
"115",2020-08-13,-0.00572337042925275,0.00115207373271886,0.0197850512945774,-0.0392537893509523,-0.0012576755197159,-0.0139829097769394,0,-0.0206896551724138,0.00448430493273544,-0.0341207349081365,-0.0528683914510687,-0.0196078431372548,.,-0.001807728781413
"116",2020-08-14,-0.00767508794371596,-0.0092059838895282,-0.00407185628742524,-0.0242718446601941,0.0205185185185184,-0.0428812605514911,-0.0194610778443114,-0.0387323943661971,-0.0312500000000001,-0.0217391304347826,-0.0133610451306414,0.00965517241379321,-0.118589743589744,2.96885669328617e-05
"117",2020-08-17,0.0792781179503705,-0.00116144018583042,0.0459355459355459,0.0281923714759535,-0.0273644479930318,0.0486829727187206,0.0725190839694658,-0.00366300366300354,0.0184331797235022,-0.00277777777777788,0.0204634366536263,-0.00409836065573776,0.173333333333333,0.00317658235363982
"118",2020-08-18,0.0498656315318005,0.00697674418604666,0.0418487008507702,0.0282258064516128,-0.0253731343283582,0.0270239964117516,0.0177935943060499,0.00735294117647056,0.239819004524887,-0.0146239554317548,0.0439398407549396,0.0260631001371743,0.0459710743801653,0.00216033855168529
"119",2020-08-19,0.031854379977247,-0.00115473441108538,-0.000882807327300839,-0.0258823529411765,-0.0520673813169984,0.0474942679331805,-0.0167832167832168,-0.0182481751824819,0.0145985401459852,0,-0.0898305084745763,-0.00401069518716579,0.0461728395061727,-0.00416371367824231
"120",2020-08-20,0.0190187431091511,-0.008092485549133,-0.00441793682350344,-0.0100644122383253,0.00969305331179315,0.0124035855743172,-0.0199146514935989,0.00743494423791824,-0.0179856115107913,0.0296819787985865,-0.00931098696461818,-0.0134228187919464,-0.0382345999527968,0.00311360199270516
"121",2020-08-21,0.0140654584798485,0.00116550116550118,-0.00177501664078095,0.00406669377795854,0,-0.135179656130959,0.0246734397677795,-0.025830258302583,0.15018315018315,0.0301990391214824,-0.00971177944862167,-0.00408163265306116,0.0274846625766871,0.003547357218872
"122",2020-08-24,0.0160042678047481,0.00814901047729921,0.025116692598355,0.0708788983394086,0.00800000000000001,-0.01,0.0601983002832862,-0.0340909090909092,-0.203821656050955,0.0159893404397069,0.0325846251186335,0.069672131147541,0.10007165034631,0.0101331448097091
"123",2020-08-25,0.0366237857705434,0.00346420323325636,0.0190806591500434,0.0253403933434191,-0.0238095238095237,0.049062049062049,0.191716766867067,-0.0392156862745097,-0.0119999999999999,0.0275409836065574,0.0110294117647058,0.0146871008939975,0.111593573599653,0.00349935845095062
"124",2020-08-26,0.0178548816006079,0.00575373993095529,0.0365957446808511,0.0276650682405017,-0.0146341463414635,0.0230398899587345,0.145739910313901,0.0244897959183672,-0.0404858299595142,0.0185067007019784,-0.0169696969696971,0.0182504719949654,-0.0279296875,0.010025572474718
"125",2020-08-27,-0.0134361781537696,-0.00800915331807783,-0.0734811165845648,0.0118449389806174,0.00660066006600668,-0.00481792717086837,-0.0273972602739727,0.119521912350598,0.0717299578059072,0.00689223057644117,-0.0228113440197287,0.00741656365883814,-0.0576652601969059,0.00218660989153263
"126",2020-08-28,0.00832282471626722,0,0.0498449268941072,0.0216388790351187,0.0590163934426231,0.00427831569466353,-0.0694164989939637,-0.0142348754448399,-0.0196850393700787,-0.00497822028624773,0.00820189274447958,0.0239263803680982,0.0607675906183369,0.00645939195590395
"127",2020-08-31,-0.0165082541270635,-0.00230680507497116,-0.00295420974889216,-0.00277777777777788,-0.110681114551084,-0.00291479820627805,0.0286486486486488,-0.00361010830324915,-0.00803212851405621,-0.0225140712945591,0.00657071339173965,0.00299580587177939,0.0309547738693468,-0.00362256831536301
"128",2020-09-01,0.0489572736520854,0.0046242774566474,0.105820105820106,0.0299442896935933,-0.0252393385552655,0.027209354621093,0.0572779821334735,0.0253623188405798,-0.0161943319838057,0.0191938579654509,0.0273546782716816,0.0477897252090802,0.0528368102944043,0.00941856803412455
"129",2020-09-02,0.00872833070675227,-0.00115074798619097,-0.0262200956937798,-0.00371872887085867,-0.0267857142857142,-0.0117119089316987,-0.0109343936381711,-0.0176678445229683,0.0205761316872428,-0.00188323917137467,-0.0329803328290468,-0.0342075256556441,-0.0833333333333334,0.0144639818491208
"130",2020-09-03,-0.0501141689700756,0,-0.0709512578616353,-0.0906006107906345,-0.0477064220183486,-0.0501716690663419,-0.0603015075376884,-0.0503597122302157,-0.0524193548387096,-0.0125786163522014,-0.0653942428035044,-0.0926800472255019,-0.0567676767676768,-0.0344143136706737
"131",2020-09-04,0.0121457489878543,0.00230414746543772,-0.00528876665961497,0.00932835820895517,-0.0057803468208093,-0.00839552238805974,-0.0385026737967914,0.0416666666666665,-0.0340425531914894,-0.00191082802547771,0.00100435219283557,0.0234222511385818,-0.0267723281216534,-0.00816468340137233
"132",2020-09-08,-0.04725,-0.00804597701149412,-0.0559336452573373,-0.0317929759704251,0.0445736434108526,-0.0391580432737537,-0.0528364849833147,-0.0581818181818182,0,0.00829610721123175,0.0207357859531774,-0.0203432930705658,-0.0301496478873239,-0.0273228829144408
"133",2020-09-09,0.0127263185515611,0.00695249130938569,0.0159945933768868,0.0328369606720122,-0.0519480519480519,0.0359809080895852,0.0622431004110393,0.0270270270270272,-0.0308370044052863,0.0348101265822784,0.0190039318479687,0.0428293316028554,0.0390288177898797,0.0197473065034064
"134",2020-09-10,-0.0344604223344992,-0.00460299194476399,-0.0472283813747228,-0.0532347504621072,0,-0.00921441228588304,-0.0193477059148702,-0.0263157894736843,0.0136363636363634,-0.0379204892966362,-0.000643086816720317,-0.0404480398257623,0.0840794933391571,-0.0173636657935785
"135",2020-09-11,-0.00469609553200045,0.00578034682080908,0.00116360251338143,0.00702850449043346,-0.0117416829745598,0.010373196613807,0.0129650507328072,-0.0424710424710424,-0.0448430493273543,0.00445009535918639,-0.010939510939511,0.0252918287937745,-0.0223609991941982,0.000509149719967628
"136",2020-09-14,0.0324885413858182,-0.00574712643678144,0.0216178521617851,0.0279177975959675,0.0316831683168317,0.00637243332546622,0.0422927100723429,0.0967741935483872,0.126760563380282,0.0113924050632912,0.0474951203643463,0.0196078431372548,0.0861322893055843,0.0131712865952223
"137",2020-09-15,0.0053531792662227,0,0.0327645051194538,0.023387400980762,-0.0383877159309022,-0.0308395872420262,0.0245595301655099,-0.0404411764705883,-0.0333333333333333,-0.0269086357947435,0.0183229813664596,0.0148883374689825,0.0278884462151394,0.00505229569225318
"138",2020-09-16,-0.0248051948051947,-0.008092485549133,-0.0273187926856137,0.00442314780685593,-0.0119760479041915,0,-0.00937988535695677,-0.0421455938697317,-0.00862068965517238,0.0102893890675242,-0.0131137541933516,-0.00122249388753048,0.120708748615725,-0.00396860393332754
"139",2020-09-17,-0.0095884938074311,0.00582750582750591,0.00158550396376,0.0113761467889908,0.0161616161616163,-0.0197217180883243,0.0152551288795371,-0.032,0.0130434782608697,0.00636537237428381,-0.0546971569839307,-0.000611995104039309,-0.0522068511198946,-0.00879523050587339
"140",2020-09-18,0.00174801667338964,0.00463499420625713,-0.0257801899592944,-0.0250362844702466,-0.025844930417495,-0.01493458405332,0.00569948186528491,0.0206611570247934,0.0042918454935621,-0.0120177103099305,-0.0101340307289963,-0.0183710961420697,0.0142484795829714,-0.0154537875178656
"141",2020-09-21,0.00845637583892622,0,0.000232126276694666,-0.0327502791216971,0,0.00187946372634995,-0.0309119010819167,-0.0202429149797572,-0.00427350427350415,-0.0409731113956465,-0.00330250990752978,-0.0505302557704305,-0.0832619496316601,-0.0111295932254648
"142",2020-09-22,-0.0017303340875815,-0.00807381776239913,0.00510559294499879,0.00731050404001543,0.0265306122448978,0.00100050025012521,0.0223285486443383,-0.0495867768595042,-0.0128755364806868,-0.00267022696929242,-0.0145791915175614,-0.0223390275952694,-0.0211175481218463,0.0101844205890449
"143",2020-09-23,-0.00546666666666662,0.00232558139534889,-0.0337104594781806,-0.0397249809014515,-0.0357852882703779,-0.0424787606196902,-0.0660426417056682,0.1,0.0108695652173914,-0.0140562248995983,-0.00302622730329527,-0.0288978494623657,0.030546009927453,-0.0231910384498941
"144",2020-09-24,-0.0250703847700765,0,0.000955794504181595,-0.00198886237072393,0.0350515463917527,-0.0176148225469728,-0.00612472160356348,-0.0513833992094861,-0.027956989247312,-0.000678886625933406,-0.00269814502529508,-0.0110726643598617,0.0414968506854392,0.00266550954624356
"145",2020-09-25,0.0268151815181519,-0.00232018561484915,0.00740033420864172,-0.00278995615783184,-0.00996015936254979,-0.0127506973037589,0.0263305322128851,0.00416666666666687,0.00884955752212391,-0.0149456521739131,0.0131890429489347,-0.00909727081875433,0.0133404482390609,0.0161669242658424
"146",2020-09-28,0.0191509307620195,0.00813953488372099,-0.00924170616113751,-0.00879296562749798,0.0261569416498995,0.0103592089331359,0.0267467248908295,-0.0456431535269711,0.0394736842105265,0.00827586206896536,-0.0180240320427236,-0.0141242937853107,0.0775846936984379,0.016609375475314
"147",2020-09-29,-0.0123521681997372,0.0230680507497116,-0.0275053814876826,-0.0443548387096775,0.0411764705882354,-0.0186418109187748,0.108452950558214,0,-0.00843881856540085,0.0177838577291383,-0.0312712440516656,-0.0365329512893984,0.0690666232285388,-0.00544600377031024
"148",2020-09-30,0.0325971261309208,0.00225479143179275,0.0231185440236106,0.010548523206751,0.0451977401129944,0.00610583446404345,0.0177458033573141,-0.0478260869565217,0,-0.00739247311827962,0.00421052631578944,-0.0178438661710036,-0.0659759256437604,0.00758191172488476
"149",2020-10-01,0.0123695400077308,-0.00112485939257589,0.0218749999999999,0.0425887265135698,-0.0540540540540541,0.003776129467296,0.0254476908576815,0.00913242009132431,0.0425531914893618,0.0182802979011509,0.0139762403913346,0.0484481453444359,0.0122349102773247,0.0064200185135419
"150",2020-10-02,-0.031436935217004,0.00112612612612617,-0.016701952481769,0.0232278734481379,0.00761904761904764,-0.0407093913744458,-0.026654411764706,0,-0.0163265306122449,-0.0259308510638298,-0.0482425913163335,0.0101083032490976,-0.0491539081385979,-0.00949442202705919
"151",2020-10-05,0.00394218134034174,-0.00112485939257589,0.0789473684210527,-0.0465753424657535,-0.0245746691871456,0.0093837535014003,0.0193578847969782,0.00904977375565608,-0.0456431535269711,-0.00546075085324238,-0.00362056480811013,-0.050035739814153,0.0169491525423728,0.017733045770429
"152",2020-10-06,0.00379581151832453,-0.00112612612612628,0.0680709534368071,0,0,0.0127653670043013,-0.0426123205187586,0.0717488789237668,-0.00434782608695639,-0.00549073438572412,0.039607558139535,-0.00526711813393521,0.0696666666666668,-0.0142159171179655
"153",2020-10-07,0.0186464988916417,0,-0.0103799045048786,0.00985221674876846,0.0135658914728682,0.0247979175229485,0.0430575713594581,0.0585774058577404,0.0218340611353711,-0.0131124913733609,0.119888150996155,0.000756429652042367,-0.0236833904643192,0.0174066222792821
"154",2020-10-08,0.000384024577573028,0,-0.0224459827984057,-0.00325203252032524,0.00191204588910132,-0.0185828877005347,-0.00556586270871973,0.0118577075098816,0.0470085470085471,-0.000699300699300798,-0.0262172284644194,0.0158730158730158,0.0347909352058731,0.00886254255194263
"155",2020-10-09,0.0209852847088932,0.00112739571589637,0.0390557939914162,0.0517944535073409,-0.00572519083969469,0.0835036098624167,0.0013992537313432,0.03125,0.0448979591836733,0.0160951714485655,0.0278846153846155,0.0416666666666667,0.0248303516347934,0.00893012973413243
"156",2020-10-12,0.056774031833563,-0.00112612612612628,-0.0111524163568774,-0.11167119038387,0.00575815738963525,0.0651244656776464,0.0176991150442478,-0.0227272727272727,0,-0.0144628099173553,-0.0180854381041472,0.12,-0.0300978179082017,0.0160876459564654
"157",2020-10-13,-0.0202798861480075,0.00112739571589637,-0.00459482038429415,-0.0248799650807507,0.0190839694656488,-0.000826251180358728,-0.0105263157894737,0,-0.0273437499999999,-0.00349406009783371,-0.0152429342648459,-0.0184948979591836,0.000155159038013775,-0.00652611866186192
"158",2020-10-14,-0.0182786587580197,-0.00112612612612628,-0.0832983634074695,-0.00447627573858556,-0.00187265917602997,-0.0235085646780864,0.225716928769658,0,-0.0120481927710845,0.00210378681626922,-0.0119316349564657,-0.0110461338531513,0.0144275519702142,-0.0062833804586867
"159",2020-10-15,-0.0104808877928483,0,0.00160219729915312,-0.00404676258992809,0.0619136960600375,0.00157270747640958,0.0592452830188679,-0.0813953488372093,-0.0182926829268293,0.000699790062981265,0.0107702349869452,0,0.0662180761584339,-0.00123588078061676
"160",2020-10-16,0.0158255451713396,0.00112739571589637,0.00137111517367461,0.00180586907449221,0.0565371024734982,0.0148568667713491,0.0146063412896331,-0.0168776371308017,0.0269151138716357,-0.00349650349650354,0.000645786244752866,0.00394218134034152,0.0232358003442341,-0.000604316546762518
"161",2020-10-19,-0.0111629048086359,-0.00112612612612628,0.00410771337288907,0.0365029292474086,-0.0802675585284282,0.00154725065460615,-0.0298455056179776,0.0600858369098713,0.120967741935484,-0.00701754385964914,-0.00096805421103574,0.0392670157068065,-0.0248107653490329,-0.0152034322900171
"162",2020-10-20,0.0243146011661084,0,0.0281818181818183,-0.0482608695652174,-0.02,0.0584670231729054,0.0119435396308361,-0.0080971659919028,0.0179856115107915,-0.00989399293286219,0.113695090439276,-0.0440806045340051,-0.00172488141440263,0.00400573082658395
"163",2020-10-21,0.000726656170521922,0,-0.00176834659593295,-0.00639561443581549,-0.00742115027829315,0.0130234646906928,-0.00357653791130186,0,0.141342756183745,0.0264097073518916,-0.0788863109048723,-0.00527009222661401,0.0241900647948163,-0.00189294658978389
"164",2020-10-22,-0.0159748275444753,0,0.00310008857395916,-0.0252873563218391,0.0224299065420561,-0.0272636595367395,-0.0172290021536253,-0.0204081632653063,-0.0185758513931888,0.021557719054242,0.0236146095717884,-0.0264900662251656,0.0650920849149446,0.00548536749044426
"165",2020-10-23,0.000368958307711331,0.00112739571589637,-0.0189845474613687,0.0226415094339623,-0.0310786106032906,-0.00979833656146745,-0.00803506208911609,0.00416666666666687,-0.0694006309148264,0.0156569094622192,0.0218394340203014,0.0251700680272109,-0.0761615628299895,0.00339514233481308
"166",2020-10-26,0.000860585197934416,0,0.0126012601260126,-0.0129151291512916,-0.0339622641509434,0.000115061557933505,-0.042341678939617,-0.0373443983402491,-0.0745762711864407,0.00804289544235925,-0.0526791089704997,-0.0238885202388852,-0.00214316330904407,-0.0184799583550234
"167",2020-10-27,0.0196536052082055,0,0.0182222222222221,0.0275700934579439,0.03125,0.0390013805798435,0.0934256055363321,0.00862068965517238,-0.0366300366300366,-0.00265957446808507,0.0263743247537336,0.0353501019714479,0.0108820160366552,-0.00344736144258806
"168",2020-10-28,-0.0352969521744368,0,-0.0316455696202532,-0.0545702592087313,0.107954545454545,-0.00354335068098777,-0.0327004219409283,-0.047008547008547,-0.0190114068441064,-0.0306666666666667,-0.03312693498452,-0.06172028890348,0.0347025495750708,-0.0341789367867069
"169",2020-10-29,0.0369630369630372,0.00112612612612617,0.0459770114942528,0.0582010582010581,-0.0119658119658118,0.0458939882209135,0.162849872773537,0.0313901345291479,0.0465116279069768,0.0116918844566714,-0.00768491834774265,0.0587823652904129,-0.0201232032854209,0.010163472723933
"170",2020-10-30,-0.0183044315992295,0.00112485939257589,-0.0374919198448609,0.0181818181818181,-0.0570934256055363,-0.0439864003399915,-0.0440762738355737,-0.0652173913043478,-0.0555555555555557,0.0115567641060503,-0.0406582768635043,0.0112359550561798,-0.0255658005029338,-0.0104248742348021
"171",2020-11-02,0.00981354268891077,-0.00112359550561791,-0.0047011417058429,-0.0156249999999999,0.0201834862385319,0.0182262725050011,0.089601046435579,-0.00465116279069755,0.0588235294117649,-0.00873655913978499,0.0036999663639421,-0.0143790849673203,0.00100358422939051,0.0112084277577018
"172",2020-11-03,0.00449465500485924,0,0.00359874044084574,0.00453514739229011,-0.0341726618705035,0.0665793494870115,0.0654261704681873,0.0186915887850467,0.00740740740740731,0.00813559322033885,-0.00469168900804295,0.00331564986737409,-0.0429676310512747,0.0176559660811628
"173",2020-11-04,0.0800580481315758,0.00337457817772768,0.0793366203496191,0.0221218961625282,0.0204841713221602,0.128325828898895,0.0622535211267605,0.0412844036697246,-0.00735294117647056,0.0336247478143914,0.0404040404040404,0.0165234633179114,0.127207422927267,0.0223491950123502
"174",2020-11-05,0.0255290560967416,0,-0.0436046511627906,0.00132508833922262,0.00180656934306556,0.0254852167603845,0.123044285335455,0.00881057268722474,0.0111111111111111,0.0318802862719583,0.0796116504854369,-0.00195058517555269,-0.0349176845459372,0.0195028235431098
"175",2020-11-06,0.00982640026203718,0,0.0610073816760746,-0.0295544772827526,-0.0188345871509499,0.0129123551782082,-0.0170011806375443,0.0262008733624455,-0.0109890109890109,-0.0372005044136191,0.0413669064748203,-0.0286644951140065,0.0407208694455909,-0.000228414801279109
"176",2020-11-09,-0.0824954049086387,-0.00224215246636772,-0.0579087374667485,-0.0445454545454546,0.0322287199480182,-0.0732559154806601,0.0574105212587077,0.00851063829787235,-0.00740740740740742,-0.00982318271119842,0.0310880829015543,-0.0422535211267606,-0.0482485128883015,0.0125656842586246
"177",2020-11-10,-0.0563280697619609,-0.00449438202247199,-0.0508253692441355,-0.0528068506184586,0.00158270534702609,-0.0287356321839081,-0.0561108587005907,-0.0168776371308017,0.00746268656716409,-0.0112433862433863,0.0145170295924066,-0.0469187675070027,-0.0597222222222222,-0.00146660649819486
"178",2020-11-11,0.0344655344655345,-0.00451467268623018,0.0114416475972541,0.0346559517830236,0.0127673328664546,0.0811911921621882,0.0368231046931409,-0.0257510729613735,-0.00370370370370376,0.0240802675585285,0.0181618051733625,0.0139603232916974,0.0280649926144756,0.00742853914811881
"179",2020-11-12,0.0427329792370834,0.00340136054421758,0.0384615384615383,0.036893203883495,0.145390070921986,0.204109097434057,0.12116991643454,0.0352422907488987,0.029739776951673,0.0444154147615936,0.0759459459459459,0.0210144927536231,-0.0281609195402298,-0.00970084391734671
"180",2020-11-13,0.0659874971058116,0.00790960451977396,0.065359477124183,0.00749063670411987,-0.0123839009287926,0.127263244169585,-0.0774327122153208,0,-0.0252707581227436,0.0312695434646653,0.0565184626978146,0.00851667849538695,0.072294500295683,0.0138444551400019
"181",2020-11-16,-0.0740660295395308,-0.00336322869955152,0.0235173824130879,0.00371747211895923,-0.00156739811912221,-0.0612069535329499,0.0228904847396767,0.0425531914893618,0,-0.0236506973923588,0.0427960057061341,-0.00562983814215345,0.0142010202674756,0.0124825467746439
"182",2020-11-17,0.0200562983814214,0,0,0.00601851851851842,0.0109890109890109,-0.0680137999014293,0.0221588415971918,-0.0244897959183674,0.0148148148148148,0.00683229813664599,0.0373917008663931,0.00849256900212314,-0.0810222947253944,-0.00537827178200068
"183",2020-11-18,-0.00827871679889614,-0.0033745781777279,-0.0439560439560439,-0.0377358490566038,0.00310559006211175,7.5545818538858e-05,-0.0328396651641983,-0.0251046025104603,-0.109489051094891,-0.00555212831585439,-0.054945054945055,-0.0477192982456141,-0.0951183431952661,-0.0120348289057735
"184",2020-11-19,-0.00243478260869556,0.00225733634311531,0.221734587251829,0.00382592061214715,0.00617647058823523,0.0398851790300649,0.0752330226364848,0,0.0778688524590163,0.0173697270471462,0.081627906976744,0.00147383935151058,-0.0297531469674677,0.00421017177500849
"185",2020-11-20,0.019758251975825,0.00112612612612617,0.0263427984946971,-0.000952834683182413,0.076939645225311,0.0427865756210957,0.0165118679050567,0.0472103004291844,-0.0190114068441064,0.0201219512195123,0.0438615351537304,0.0176600441501105,0.0244313395113731,-0.0068477835541394
"186",2020-11-23,-0.00205151584226115,-0.00224971878515201,0.0553333333333332,0.0305197901764425,0.242857142857143,-0.0174155346569139,0.124467005076142,-0.0122950819672131,-0.0116279069767443,-0.013747758517633,0,0.0115690527838033,0.0356907894736842,0.00599442771508185
"187",2020-11-24,0.0258108725445407,-0.00225479143179252,-0.00758054327226776,-0.00185099490976393,0.126436781609196,0.0204891882311236,-0.0337667027807874,0.149377593360996,0.105882352941177,-0.00121212121212122,-0.03913491246138,0.000714796283059371,0.0176274416388758,0.0161136910423545
"188",2020-11-25,-0.0177020708082831,0,-0.0132081476766391,-0.00370885489105244,-0.125510204081633,-0.0558566069195497,0.00336385722294907,-0.0469314079422383,0.0106382978723405,0.0139563106796117,-0.0336548767416934,-0.000714285714285667,-0.0558676654182272,-0.00154176532129291
"189",2020-11-27,0.0133741357814801,0.00112994350282491,0.045960328979197,0,0.0653442240373396,0.0599705665930832,0.00577388712981941,0.109848484848485,-0.0385964912280702,0.0173548773189707,-0.0244010647737356,-0.00142959256611863,0.0654545454545454,0.00278497766503061
"190",2020-11-30,-0.0454087909629796,-0.00451467268623018,-0.0308356460067838,-0.0372266170311771,-0.0602409638554218,-0.0363762582436654,-0.0642592592592592,-0.044368600682594,-0.156934306569343,-0.0141176470588235,0.00272851296043664,-0.0508231925554761,0.0134967421656842,-0.00442709049412937
"191",2020-12-01,0.000117164616285859,-0.0453514739229025,-0.0324530703149857,-0.027549540840986,-0.076923076923077,-0.0163532886679635,-0.102315456164655,-0.0464285714285714,0,-0.0208830548926016,-0.0458049886621316,-0.0542986425339367,-0.014388489208633,0.0109374136883389
"192",2020-12-02,-0.0114807872539832,0.02375296912114,0.0159487010851693,-0.0188866799204772,-0.0782828282828283,0.0550754357697378,0.0577601410934743,0.0224719101123596,-0.0043290043290044,0.00182815356489963,0.023764258555133,-0.0119617224880382,-0.0267122223947818,0.00210371017977162
"193",2020-12-03,0.0226356956624794,0.00580046403712298,0.00873927820035614,-0.0177304964539006,-0.0232739726027398,0.00763570734416219,-0.054814506044185,-0.0146520146520147,-0.00434782608695639,0.0182481751824817,-0.0320334261838439,-0.0177562550443907,0.00718046912398274,-0.00027263556803625
"194",2020-12-04,-0.0127477112063972,-0.00230680507497116,0.0875982672870208,-0.0201134605466736,-0.00562404454355481,0.00826674014880147,-0.0509371554575524,-0.0483271375464683,-0.00873362445414849,-0.000597371565113414,-0.0131894484412471,-0.0156121610517665,-0.0174271229404308,0.00861763342332766
"195",2020-12-07,-0.0199553938255664,0,0.0702168461424988,-0.000526315789473819,0.0409026798307475,0.00293796119158229,0.0480947955390334,0.01953125,0.026431718061674,0.00478182904961133,0.0277035236938032,0,0.00274105127378266,-0.00205488711639867
"196",2020-12-08,-0.017726673853156,-0.0023121387283237,0.0379048931771193,0.0289626119010005,0.143631436314363,0.0728932488589142,0.0321436488583464,-0.0306513409961686,-0.00858369098712453,0.0707911957168352,0.0314495152518326,0.0242070116861435,0.0543495738864768,0.00292611558156564
"197",2020-12-09,-0.00231679063528856,-0.0196987253765932,-0.0297476759628154,0.0276356192425793,-0.0450236966824643,-0.062988126230237,-0.0547680412371135,-0.0316205533596836,-0.0346320346320347,0.0488888888888888,-0.00641907381934881,0.0228198859005706,0.02485892938844,-0.00896885214901255
"198",2020-12-10,-0.00134441456856516,-0.0200945626477543,0.0362715576238706,-0.00398406374501981,-0.0148883374689827,0.0458765331706987,0.0274937514201319,0.0816326530612244,0.0358744394618835,-0.0143008474576271,0.0383017997231194,-0.0199203187250996,0.0119047619047619,-0.000327109172686413
"199",2020-12-11,0.0110145637008934,-0.0144752714113389,0.00264165896182811,0.0175000000000001,-0.0176322418136021,-0.0433458597900739,-0.0716497125165856,-0.011320754716981,0.00432900432900429,0.00591080064481453,-0.0533333333333333,-0.0479674796747968,-0.0275000000000001,-0.00117252474572571
"200",2020-12-14,-0.0320784408667232,-0.0208078335373317,0.0301673033855883,-0.00737100737100749,-0.00641025641025639,-0.0374534371825263,-0.0238208670795617,-0.0152671755725191,-0.0258620689655172,0.00854700854700852,-0.0375586854460094,-0.0213492741246798,-0.00468773627703012,-0.00447720447720446
"201",2020-12-15,-0.00575287643821898,-0.00124999999999997,-0.0196930946291561,0,-0.0490322580645162,-0.000633267661131476,0.061493411420205,-0.0348837209302325,-0.00884955752212369,0.0090042372881356,0.0141463414634146,-0.0113438045375219,-0.0334244910361592,0.0135194427686063
"202",2020-12-16,0.0285534591194969,0.0312891113892366,0.0283068092877641,0.0113861386138614,0.00678426051560388,0.0242202351615857,0.026896551724138,0.00401606425702794,0.013392857142857,-0.062992125984252,-0.00072150072150079,0.0467784642541924,-0.00990254636906629,0.00156930652885645
"203",2020-12-17,0.0114956585544821,0.0109223300970873,0.0426233667385514,0.0205580029368577,-0.00673854447439348,0.0307967278476662,0.0297738974703381,-0.104,0.0220264317180616,0.0336134453781511,0.0180505415162455,0.00590219224283306,-0.00190506429592008,0.00559202528567959
"204",2020-12-18,-0.0142667150284125,0.0108043217286915,0.0302956564058889,0.0115107913669064,-0.00271370420624162,-0.0038679559853283,0.0156521739130435,-0.0178571428571429,0.0301724137931036,0.0113821138211383,0.0241134751773051,0.0243084660519699,0.0252902815333227,-0.00822050290135401
"205",2020-12-21,-0.0109162271556482,0,0.0346008502598014,0.00142247510668558,0.00544217687074822,-0.0167369619066747,0.0477311643835616,-0.0772727272727274,-0.0167364016736402,0.007502679528403,-0.0196214219759926,-0.00900163666121123,0.0366118523115111,-0.00357549163009907
"206",2020-12-22,0.0266617063492065,-0.01187648456057,-0.0197466042689192,-0.068655303030303,-0.0202976995940459,-0.0534486280384012,-0.0279877425944842,-0.064039408866995,-0.0297872340425533,0.00425531914893607,-0.0461502236873087,-0.0396366639141205,0.0125710865010475,-0.00168542380253356
"207",2020-12-23,0.0322502717719531,-0.0132211538461537,-0.0360968793665579,0.0106761565836297,0.0290055248618784,0.00884764782045733,-0.0119798234552333,-0.0736842105263158,0.0526315789473684,-0.00264830508474578,-0.0244384102690692,0.00257953568357694,0.00458173219036362,0.000898594924300111
"208",2020-12-24,-0.0113503393400421,-0.00487210718635822,-0.0093017637110413,-0.0487927565392353,-0.0268456375838927,0.089126559714795,-0.0263773665177621,-0.0681818181818182,0.03125,0.00424853956452487,-0.041497975708502,-0.0343053173241853,-0.0386935412682065,0.00389041543107438
"209",2020-12-28,-0.0340868741862942,-0.0208078335373317,-0.0076819900012195,-0.00423056583818093,-0.00275862068965516,-0.0585924713584287,-0.0373607166266113,-0.0121951219512194,-0.0909090909090909,-0.0195663670015865,0.0271911298838436,-0.0230905861456483,-0.0449954086317723,0.00859078590785911
"210",2020-12-29,0.0555079034432056,0.01125,0.0131481936593758,0.0111524163568775,0.19640387275242,0.155702364394993,0.047208352246936,-0.0185185185185185,0.0177777777777779,0.0210355987055018,0.0100231303006939,0.01,-0.00240384615384615,-0.0019077303382864
"211",2020-12-30,0.0392384490364521,0.00865265760197786,0.144329896907216,0.0488445378151261,-0.0959537572254335,0.0777423431012698,0.0485478977026441,0.0251572327044023,-0.0131004366812228,0.0153195985208663,0.0814249363867685,0.0360036003600361,0.0252208835341365,0.00142680234749371
"212",2020-12-31,-0.0180965147453082,-0.00122549019607843,-0.091467938526762,-0.00200300450676005,-0.104859335038363,-0.00803975210764352,0.00744109136006621,-0.0245398773006134,-0.0398230088495575,0.00104058272632668,0.0764705882352941,-0.0390964378801042,-0.0357254779066124,0.00508078174144466
"213",2021-01-04,-0.0178612059158135,0.00858895705521467,0.10522631824545,0.0336176618163573,0.0799999999999998,-0.0612934091292846,0.0974558883873615,0.220125786163522,-0.0599078341013825,0.0067567567567568,0.0697267759562841,0.0361663652802893,-0.0654858628534287,-0.0136139937948004
"214",2021-01-05,0.106220317386772,-0.00121654501216539,0.0814861726831329,0.0592233009708738,0.0224867724867726,0.12243674301475,-0.00542157412600486,0.0154639175257731,0,0.0562725864739289,0.197588884348181,0.038394415357766,0.0735524256651019,0.00688738848667247
"215",2021-01-06,-0.0766492146596858,0.00243605359317889,0.0306461057973844,-0.0632447296058661,0.0129366106080206,-0.0558226495726495,-0.0507518796992482,-0.0152284263959391,0.0637254901960784,0.0239491691104594,-0.0561337655690155,-0.0352941176470588,0.000971817298347721,0.00597850968141556
"216",2021-01-07,-0.00294851440235888,0.00364520048602657,0.0549242424242424,0.0229941291585127,-0.0395913154533845,0.0190664780763792,0.0748514851485149,0.0154639175257731,0.0322580645161292,-0.016706443914081,0.0381417208966015,0.019163763066202,0.0187702265372169,0.0148574488020345
"217",2021-01-08,0.0411737943585078,0.00363196125907983,0.0634649910233394,0.00860832137733136,-0.0292553191489361,0.00360870530757285,0.0854826823876198,-0.0253807106598986,-0.00446428571428581,0.0218446601941746,0.123628765453596,-0.0581196581196581,0.036848792884371,0.00569770509100498
"218",2021-01-11,-0.0126720559318332,-0.00723763570566938,-0.0506457330969866,-0.0156472261735419,-0.0150684931506848,-0.0458040604082536,0.0641547861507128,-0.0104166666666666,-0.0179372197309418,-0.00332541567695965,-0.0469549046954905,0.0653357531760437,-0.0151654411764706,-0.00674080679851019
"219",2021-01-12,-0.0203584863907943,-0.00243013365735112,0.0264070418778342,0.0077071290944124,0.0292072322670376,-0.017450286973158,-0.0105263157894737,0.0210526315789474,0.00913242009132431,0.022878932316492,0.152682926829268,0.00340715502555367,0.0264426815990044,0.000211254588185605
"220",2021-01-13,0.0214592274678111,0.00243605359317889,0.0335239085239085,0.0406309751434033,0.027027027027027,-0.0276138777436864,0.00177304964539005,0.103092783505155,-0.00452488687782793,-0.0144454799627215,-0.0256735787840316,0.0305602716468591,-0.0310653129262008,0.00269292710615954
"221",2021-01-14,-0.0132684652808492,-0.0036452004860269,0.0327717710166793,0.0289389067524115,0.0539473684210527,0.0149271844660193,-0.0205953338696702,-0.0186915887850467,0.0363636363636362,0.0260047281323876,0.0570435789778487,0.0345963756177925,-0.0218955270566156,-0.00350193528002329
"222",2021-01-15,-0.0164724338861497,0.00731707317073171,-0.00478818373640644,-0.0196428571428571,-0.0674157303370787,-0.0362310175774244,-0.0755708887793658,0.0142857142857142,0.0219298245614037,0.0235023041474656,-0.0497192165456788,-0.0334394904458599,-0.00255836264790532,-0.00729271257200226
"223",2021-01-19,0.0385097413694886,-0.00121065375302665,0.0428117100220176,0.0473588342440801,0.0522088353413654,0.0470843672456576,0.0385640661098274,0.117370892018779,0.0643776824034334,0.209815398469158,0.168492360910925,0.0280065897858319,0.0158704713049054,0.0078520095821133
"224",2021-01-20,0.0456390565002742,-0.00121212121212122,-0.000625586487331908,0.00956521739130434,0.00508905852417296,0.0128562118608924,-0.0124914442162901,0.130252100840336,-0.0282258064516129,-0.0286564942314849,0.109658319970396,0.0168269230769229,0.148966387880701,0.0138386372639641
"225",2021-01-21,-0.00220333648095694,-0.00121359223300965,-0.0306729264475744,0.0211024978466841,0.0708860759493672,0.0108212447356106,0.0109166522266506,0.613382899628253,0.0331950207468881,-0.00306513409961695,0.09948866162739,-0.0118203309692672,0.00810328251613801,0.000911719502982633
"226",2021-01-22,-0.00199789695057828,0.0328068043742404,0.0796738779463997,0.0134964150147616,0.0295508274231679,-0.00532376598576478,0.0618786424408639,-0.223502304147465,-0.0120481927710845,0.0384319754035358,0.00990799716914381,0.0215311004784691,-0.026566757493188,-0.0035394545075994
"227",2021-01-25,0.036560952481298,-0.0164705882352942,0.0038878504672899,0.0399500624219724,0.0172215843857633,0.0496829367618827,-0.0316384180790961,0.0237388724035608,0.024390243902439,0.00703182827535165,0.0237260987085794,0.0640124902419985,-0.00909727081875444,0.00394379440033421
"228",2021-01-26,-0.0143321813376702,0.0299043062200957,-0.0615923139941909,0.0708283313325331,-0.0406320541760722,-0.0357479354874467,0.00533422237039516,-0.0260869565217392,-0.0317460317460317,-0.00771775082690196,0.00919225503618226,-0.00660308143800448,-0.1,-0.00156091469601183
"229",2021-01-27,-0.0709497782819428,-0.0220673635307781,-0.0442063492063491,-0.0343796711509716,0.421176470588235,-0.0441430049430968,-0.0523959542364451,0.0119047619047619,0.0327868852459017,-0.00740740740740742,-0.0672480620155038,-0.0192023633677991,-0.029504080351538,-0.0244404492039918
"230",2021-01-28,0.0146520146520146,-0.00356294536817092,-0.011874117744748,-0.00425696594427238,0.622516556291391,0.0184004810583283,0.021347331583552,-0.0588235294117646,-0.0198412698412698,0.00149253731343291,0.0284645751090795,-0.00451807228915657,-0.039294954721863,0.00860019764429354
"231",2021-01-29,-0.0297560441964774,-0.0143027413587605,-0.0429411764705883,0.00621842207539847,-0.275510204081633,-0.021551724137931,-0.0234709611101593,-0.0437500000000001,-0.0688259109311742,-0.00894187779433675,0.004141414141414,-0.0068078668683812,-0.0052179767715872,-0.0200195959007494
"232",2021-02-01,0.0290900890743038,0.0048367593712213,0.0680481166037405,-0.00193124758594054,0.108450704225352,0.0497857703216462,-0.000175438596491162,0.00980392156862742,0.0217391304347827,0.0146616541353382,0.0562317674278241,0.0281797410510281,0.0316412859560067,0.0166454995000946
"233",2021-02-02,0.0454694861400242,0.0216606498194944,0.0685629727063466,-0.0301857585139319,-0.0743329097839899,0.0462175212692573,-0.0214072644323565,-0.0129449838187702,0,0.0244535012967766,0.114,0.0066666666666666,0.058717402000984,0.0141402865268585
"234",2021-02-03,0.000838398658562056,0.00353356890459366,0.0400830897061086,0.0115722266560256,0.0157858613589568,0.0610439560439562,0.0396270396270395,0.127868852459016,0.0553191489361702,-0.0495479204339963,0.0141916730785672,0,-0.0230828814872192,0.000786266544358538
"235",2021-02-04,-0.0091099476439791,-0.0234741784037558,0.0545898365263702,0.0382642998027614,-0.0182432432432433,0.0214903422919579,-0.00655398413245945,0.0494186046511629,0.169354838709677,-0.0403348554033487,-0.0300092725280283,0.0316409124356145,0.0304471931493815,0.011365719523373
"236",2021-02-05,0.0212406213674312,-0.00120192307692302,-0.0251806130321948,0.0170972644376899,0,-0.00557639663388421,-0.0161458333333333,0.0360110803324101,0.0655172413793104,0.0170499603489294,0.00808203702094379,0.0335235378031384,-0.0363188673437982,0.00393588648074772
"237",2021-02-08,-0.021419701986755,-0.0120336943441636,0.036408116275723,-0.0847964138961524,0.0323468685478321,-0.040273246329527,0.042350449973531,0.0053475935828875,-0.110032362459547,0.0222222222222221,0.103448275862069,-0.0531400966183575,-0.00670712232513571,0.00722189265172424
"238",2021-02-09,0.026435444644179,0.00609013398294755,-0.0272146625937238,0.0212244897959184,-0.0239999999999999,0.00796770423881865,0.0638225833756561,0.0505319148936172,-0.0690909090909091,0.00800915331807794,0.206328125,0.0225947521865888,0.0646302250803859,-0.000665796010345443
"239",2021-02-10,0.0175131348511384,-0.00605326876513301,0.115972023979446,0.111910471622702,-0.0204918032786886,0.0519076728499157,-0.0251432208784215,0.0759493670886076,0.03125,-0.00416193719258418,0.0701379444336507,0.0627227369921597,0.0412262156448204,-0.000435618193465714
"240",2021-02-11,0.00232864230029373,0.0121802679658951,-0.0502014452900172,0.196621135873472,-0.105997210599721,0.000951856119432826,-0.0161606268364348,0.282352941176471,0.0946969696969697,0.0193768996960486,-0.0478092471556524,0.153588195841717,0.0268310369833211,0.00161505332239531
"241",2021-02-12,0.0031313131313131,-0.00601684717208195,0.0309722596283328,0.0216281165515169,-0.0405616224648986,-0.0160660660660661,-0.00696864111498263,-0.111926605504587,-0.0034602076124568,-0.0175177040626164,-0.062094826490403,0.0883720930232559,-0.0491525423728815,0.00493972511581475
"242",2021-02-16,0.0414862551606083,0.00484261501210659,-0.027951933124347,-0.0079388415172007,0.0983739837398374,0.0316394526679893,-0.010359231411863,0.101239669421488,0.0381944444444446,0.0735963581183612,0.294301009690316,0.0245726495726497,0.0101010101010102,-0.000865933170334121
"243",2021-02-17,0.0333558928744078,0,-0.0134372480515991,-0.0601659751037344,-0.113249444855662,4.93072333711542e-05,-0.0322471720411953,-0.121951219512195,0.103678929765886,-0.0586572438162544,-0.0400523560209425,-0.106882168925965,-0.0195588235294117,0.000229416263063831
"244",2021-02-18,-0.013566616766467,-0.00120481927710858,-0.0229501498229365,-0.065279091769158,-0.0267111853088481,-0.0347105808105709,-0.0504187020237264,-0.0598290598290597,-0.0363636363636363,0.00638138138138133,-0.0629397327515679,-0.0700525394045534,-0.0356982150892454,-0.00425596982593834
"245",2021-02-19,0.00626007777672388,0.00965018094089265,0.000906112776190016,0.0202429149797569,0.0643224699828473,0.00102155480641541,0.0112070549329413,0.0590909090909091,-0.119496855345912,0.00111898545318923,0.104126651533671,0.0276208411801633,0.0793280447970135,-0.00176597051597061
"246",2021-02-22,-0.0794608351399756,-0.00238948626045399,-0.100905292479109,-0.0654761904761904,-0.0636583400483481,-0.039493825900602,-0.0792151162790697,-0.092274678111588,-0.0821428571428572,-0.073397913561848,-0.0800210859251449,-0.0806353084911423,0.105202478743335,-0.00769171602184449
"247",2021-02-23,0.0185336883063691,0.00718562874251494,0.00116180001549049,0.00707714083510269,-0.0929432013769363,-0.00175308117297079,-0.0309786898184689,-0.0614657210401892,-0.066147859922179,0.0321672698029756,-0.0420009168003668,-0.00664451827242529,-0.0799321945494849,0.00121437614655195
"248",2021-02-24,-0.0311651754297778,-0.00356718192627814,-0.0164010521429676,-0.00175685172171469,-0.0151802656546488,-0.0457133734234474,0.0559967420077376,-0.0403022670025189,0.0416666666666667,0.0253213868328788,-0.00616065554159939,0.00802675585284285,-0.0333049886621316,0.0110193548387096
"249",2021-02-25,-0.0312337864480648,-0.00835322195704058,0.0369671228566935,-0.0133755719816966,-0.0578034682080926,-0.0460629043051527,-0.0973775549556498,-0.083989501312336,-0.0800000000000001,-0.0110182370820668,-0.0731222917669716,-0.00796284007962844,-0.0491130332795777,-0.0240957704775762
"250",2021-02-26,0.00546272493573263,-0.00601684717208195,-0.0445236650485438,-0.0599357830895469,-0.107361963190184,0.000584590202268087,-0.022003845332194,0,-0.1,-0.0119093353822514,-0.00792156353483542,-0.0408026755852843,-0.0158803576934937,-0.00515261684931856
"251",2021-03-01,0.0442100777671246,0.00484261501210659,0.148448043184885,0.0455407969639468,-0.0652920962199313,0.087578873568591,0.0869375273044997,0.100286532951289,0.0144927536231885,0.047045101088647,0.0843641599581126,0.0634588563458856,0.0365032116559612,0.0242401935008938
"252",2021-03-02,-0.0167312793307488,0,-0.0465196654454966,-0.00617059891107086,0.208333333333333,-0.0571044856298684,-0.130024115755627,-0.015625,-0.0666666666666668,0.0248793167471222,-0.0505190729116369,-0.00524590163934424,-0.0276602176541717,-0.00780327532214176
"253",2021-03-03,-0.0286366466071798,-0.00602409638554224,0.00608960417572857,-0.039444850255661,-0.128803245436105,-0.0385711030082042,-0.0406560406560406,0.0105820105820107,0.0561224489795917,0.00181159420289845,-0.0821943932362851,-0.0547132498352011,-0.0682418778175035,-0.0132457184250013
"254",2021-03-04,-0.0304422132023073,-0.00363636363636355,-0.0873324686554259,-0.0159695817490495,-0.0919674039580908,-0.0613333333333334,-0.0541777028653985,-0.259162303664921,-0.0966183574879226,-0.0632911392405063,-0.0895553400748027,-0.0425383542538353,-0.121121121121121,-0.0123748099208223
"255",2021-03-05,-0.00165252836840357,0.00851581508515786,-0.0617400915837675,0.0112055641421949,0.0705128205128205,-0.00997474747474758,-0.029786150712831,-0.130742049469965,0,0.00965250965250974,0.0681627995435528,0.0706482155863073,-0.00474563401670458,0.0183966020706132
"256",2021-03-08,-0.0580445817700287,-0.016887816646562,-0.170397172669135,-0.0691631639281621,-0.0419161676646707,-0.122560897844663,-0.0760955129887169,-0.040650406504065,-0.00534759358288772,-0.0317399617590821,-0.12399401752012,-0.083673469387755,-0.102040816326531,-0.00497875557177485
"257",2021-03-09,0.0488519212746017,0.00613496932515334,0.0893599756567602,0.0665024630541873,0.11,0.120494186046512,0.174382277761999,0.076271186440678,0.075268817204301,0.0541074249605056,0.243170731707317,0.0438010393466963,0.141673746813934,0.0142774808760349
"258",2021-03-10,-0.00223388808220715,0.00121951219512217,-0.0400372439478586,-0.0373364126250962,-0.0101351351351353,-0.0391749902711118,-0.000725513905683206,-0.031496062992126,-0.035,0.0247283626826527,-0.036688247989013,-0.0263157894736843,-0.000744186046511608,0.00622465583593756
"259",2021-03-11,0.00761222433672915,0,0.0711930164888459,0.05077968812475,0.234357224118316,0.0962602943161874,0.113988383349467,0.203252032520325,0.0414507772020725,0.0157221206581353,0.0896809232858111,0.043827611395179,0.107056414075591,0.0101391241850197
"260",2021-03-12,-0.0665481613154095,-0.00487210718635822,-0.00407461064831582,0.00266362252663632,-0.129032258064516,-0.00825123152709362,-0.0115142298500978,0.0472972972972974,0.0398009950248757,-0.0464362850971923,-0.00635474425269444,-0.00559832050384867,-0.00840901446350484,0.00134678423500123
"261",2021-03-15,0.0132111402047133,-0.00979192166462672,0.0150922811164653,-0.0292220113851993,0.0772486772486773,-0.0119831118837701,-0.0125274725274725,-0.0129032258064516,-0.00956937799043067,-0.00490751226878061,-0.0697849394946392,-0.0070372976776919,0.00915875169606517,0.00596355884890643
"262",2021-03-16,0.0074004463761308,0.00988875154511737,0.0148678907299598,0.0246286161063332,0.00392927308447955,0.0110601395085779,-0.0278210549744047,-0.0588235294117647,-0.0193236714975845,0.00341426403641876,-0.0413858182798599,0,0.0974789915966385,-0.00126132035014248
"263",2021-03-17,-0.00454757462686572,-0.00611995104039176,-0.0172976789338982,-0.0251812285387257,-0.0156555772994129,-0.0710423270557522,0.0247252747252746,0.00694444444444442,0.0541871921182269,0.0548204158790171,-0.0462663479116862,-0.0581148121899362,0.0260336906584993,0.00340986587860859
"264",2021-03-18,-0.0172191636406231,0.00738916256157651,-0.0227211495285137,-0.0606653620352251,-0.000994035785288228,-0.0511173558142648,-0.0699285075960678,-0.0379310344827586,-0.0186915887850467,0.0222222222222224,-0.0176201710409908,-0.0489089541008276,-0.0926865671641791,-0.0145496652066656
"265",2021-03-19,0.0129916567342072,0.00611246943765287,0.000367579489064518,0.04125,-0.130348258706468,-0.000141023833027609,0.0413163583953879,0,0.0523809523809524,0.0666199158485274,-0.011031894934334,0.0419303797468353,0.0528047376213192,-0.00510881781955652
"266",2021-03-22,-0.000235321802564914,-0.00486026731470246,-0.0181884989895279,-0.014405762304922,0.0183066361556063,-0.0327926657263752,-0.00945790080738185,-0.032258064516129,-0.0316742081447963,0.014792899408284,-0.0603278190924268,-0.00607441154138189,0.00687499999999996,0.00798500564855686
"267",2021-03-23,-0.0171825350123572,0.00366300366300387,-0.0083270958083832,-0.0921640276086074,-0.047191011235955,-0.00794750273423261,-0.0409874243129948,-0.0518518518518519,-0.102803738317757,0.029802397149336,-0.0692077848663489,-0.0580595874713522,-0.0586592178770949,-0.00787080669400642
"268",2021-03-24,-0.0531672853550474,0.00243309002433079,-0.0970846306255306,-0.0518783542039356,-0.0566037735849058,-0.0873144201087755,-0.10247693054881,-0.1015625,-0.0677083333333333,-0.270839886756842,-0.0818150268957141,-0.0559610705596106,-0.129409825255522,-0.00508344030808738
"269",2021-03-25,-0.00455292778550653,-0.00849514563106801,-0.000522466039707403,-0.00566037735849056,0,0.0269769689160895,0.0265151515151514,-0.0173913043478261,0.005586592178771,-0.121656600517688,0.0561277520551828,-0.0326460481099657,0.078394243514486,0.00562551610239481
"270",2021-03-26,0.0426883496379113,-0.01468788249694,0.0149503397804496,-0.0213472485768501,0.05375,0.029483258841057,-0.0477069056404849,0,0.0333333333333334,-0.0127701375245579,0.0261250782857654,-0.0630550621669627,-0.0105355575065847,0.0161149602258148
"271",2021-03-29,-0.00377726331180683,0.00993788819875774,0.045941491553358,-0.0329617062530295,0.00948991696322654,0.00182801431944557,-0.0171602546360367,-0.0442477876106193,-0.0161290322580645,0.0119402985074626,0.146656203679484,0,-0.0173913043478262,-0.000505076013940231
"272",2021-03-30,0.0151663405088063,-0.0270602706027061,0.0345676580657868,-0.0275689223057645,-0.00235017626321965,0.0297270584657492,0.0574486060264714,0.0601851851851851,0.076502732240437,0.0491642084562438,0.0482853014979852,-0.0322274881516588,0.0292577207874301,-0.00265298903431188
