"","datadate","WB","BABA","BZUN","XPEV","BEST","BILI","RUHN","SPY","GRPN"
"1",2019-12-03,-0.0155927539555147,-0.00718251744689524,-0.0176718092566619,.,-0.016722408026756,-0.04192992533027,-0.114084507042253,-0.00670645616737253,0
"2",2019-12-04,-0.0025623107384114,-0.00595177013853254,-0.00828098229583119,.,-0.0374149659863945,-0.0155875299760191,0.0174880763116059,0.00617024713293479,0.0339285714285715
"3",2019-12-05,0.024287716020551,0.0323113451016825,0.0169881946443997,.,0.0194346289752649,0.0322777101096223,-0.00624999999999998,0.00179798368971928,0.0155440414507773
"4",2019-12-06,0.00706794345645245,0.00944999999999996,-0.000849377123442796,.,0.0190641247833623,0.0129793510324485,-0.0251572327044025,0.0091340298698801,0.0034013605442178
"5",2019-12-09,-0.00905592030790126,-0.0156025558472435,-0.0286200056673278,.,-0.0221088435374149,-0.0104834012813048,-0.00322580645161297,-0.00314415473052376,-0.00677966101694916
"6",2019-12-10,-0.0198766278272791,0.00860420650095595,0.0326721120186697,.,-0.0226086956521739,-0.00176574455562084,0,-0.00111507582515613,0.0102389078498293
"7",2019-12-11,0.000233100233100192,0.0209029683212771,-0.00819209039548019,.,0.0177935943060497,0.0341981132075471,-0.0145631067961165,0.00283864382993659,-0.0709459459459459
"8",2019-12-12,0.0146818923327896,-0.000684128225175828,0.00370264881800075,.,-0.0541958041958042,0.0114025085518814,-0.0344827586206896,0.0086190445900387,-0.0109090909090909
"9",2019-12-13,-0.000229673863114344,0.00200488997555004,-0.00709421112372299,.,0.0147874306839186,0.00901916572717032,-0.052721088435374,0.000599123387885037,-0.0404411764705883
"10",2019-12-16,0.0323914541695383,0.0100531940852082,-0.0351529008288084,.,0.0127504553734061,0.00335195530726273,-0.00718132854578102,0.00687003655615781,0.00766283524904221
"11",2019-12-17,0.00912327547841585,0.00584625791177462,0.00770142180094813,.,0.0197841726618706,-0.00612472160356348,-0.00723327305605792,0.000219092331768422,-0.0912547528517109
"12",2019-12-18,0.0165380374862183,0.00874243443174172,-0.0070546737213405,.,-0.0352733686067019,-0.00896358543417364,-0.0309653916211293,6.25840973806913e-05,0
"13",2019-12-19,0.00368763557483742,0.000619047619047519,0.0171699230313795,.,-0.00914076782449724,0.0197851893725267,-0.0451127819548872,0.00409900184611534,-0.0481171548117155
"14",2019-12-20,-0.000432245515452845,0.0100889925284349,-0.019208381839348,.,0,-0.00554323725055417,0.220472440944882,-0.000529760049859607,-0.0197802197802197
"15",2019-12-23,0.0188108108108107,0.0121554770318022,-0.0320474777448073,.,0.00184501845018437,0.0267558528428093,-0.0806451612903226,0.00152776478658057,0.0134529147982061
"16",2019-12-24,0.0019100169779287,-0.00265326071777694,0.0226854690374005,.,-0.011049723756906,0.001085776330076,0.0175438596491226,3.11313118734891e-05,0.0353982300884956
"17",2019-12-26,0.0118618936665962,0.00989452067581453,0.0122901678657075,.,0.0167597765363128,-0.00542299349240793,0.193103448275862,0.00532328860940745,0.00427350427350448
"18",2019-12-27,-0.0146535482520411,-0.00420556428505403,-0.0130293159609122,.,0.0512820512820513,-0.00545256270447114,0.0057803468208093,-0.000247724035424501,-0.00851063829787235
"19",2019-12-30,-0.0155088166560441,-0.0118810043161461,-0.000300030003000273,.,-0.00348432055749137,0.0115131578947369,0.0043103448275863,-0.00551322554667666,0.0128755364806865
"20",2019-12-31,0.000215796288303816,-0.0038044244046781,-0.00600240096038429,.,-0.027972027972028,0.00921409214092139,0.0028612303290414,0.00242930110875794,0.0127118644067798
"21",2020-01-02,0.101618122977346,0.0361621876473361,0.079106280193237,.,0.0575539568345325,0.125134264232009,0.238231098430813,0.00935189212701171,-0.0104602510460251
"22",2020-01-03,-0.018213866039953,-0.0126040860900032,-0.0260212646894236,.,0,0.0539379474940334,-0.0910138248847926,-0.00757225967309993,-0.0317124735729387
"23",2020-01-06,-0.0169559146219829,-0.00165898617511528,-0.0290146509623673,.,0.0034013605442178,0.0511775362318843,-0.112801013941698,0.00381501814459839,0.00873362445414849
"24",2020-01-07,-0.00771103896103897,0.0045697932053177,0.00798816568047345,.,0.0135593220338983,-0.00344679017664806,0.0271428571428571,-0.00281176615993073,0.0173160173160174
"25",2020-01-08,0.00327198364008185,0.00170013325368745,0.0123275609040212,.,0.0752508361204012,0.0306960657155211,0.0584144645340752,0.00532953242648637,0.0255319148936171
"26",2020-01-09,-0.0222176926212801,0.0173394495412844,0.0214554943461871,.,-0.026438569206843,-0.0285234899328859,0.0105124835742445,0.00678070580983192,0.0414937759336098
"27",2020-01-10,-0.0231394621638524,0.00924339435476607,0.0175986375248369,.,-0.0207667731629393,-0.0695164075993091,0.0325097529258778,-0.00287769784172665,-0.00398406374501981
"28",2020-01-13,0.103072983354674,0.029710047804137,0.0290097629009762,.,0.0424143556280587,0.0204176334106727,0.030226700251889,0.00687728347302818,0.056
"29",2020-01-14,-0.024763010253434,-0.0173116973273169,-0.0452697207915425,.,0.00469483568075124,0.0400181900864029,0.0146699266503669,-0.0015246226558927,0.00757575757575757
"30",2020-01-15,-0.000793493354493191,-0.00631374453618261,0.0215786484951732,.,-0.00311526479750768,0.0069960647135987,0.0216867469879518,0.00225988700564983,0.0225563909774436
"31",2020-01-16,-0.0470518165574746,-0.00497645072425135,0.00305725403001689,.,-0.00468750000000007,-0.00260529743812432,0.0530660377358489,0.00831835217404553,0.0294117647058822
"32",2020-01-17,-0.0252083333333334,0.0155845315709566,-0.0146855084510945,.,0.00627943485086346,-0.00740095777100558,-0.0391937290033594,0.00311253475160145,0.075
"33",2020-01-21,-0.0568497542209874,-0.0227322692696654,0.00506186726659164,.,0.00312012480499213,-0.00833333333333341,-0.106060606060606,-0.00195812622382885,0.0431893687707643
"34",2020-01-22,-0.00385225470201678,0.000494915864303058,-0.0237828763290431,.,-0.0404354587869362,-0.00353825740822633,0.0691003911342893,0.0001207364926048,-0.0366242038216561
"35",2020-01-23,0.00773430391264784,-0.0145703107433557,-0.0295213528231585,.,0.0259319286871962,-0.000887705281846451,-0.0121951219512195,0.00114685821210858,-0.00165289256198342
"36",2020-01-24,-0.0167042889390518,-0.0245516360151508,-0.0431187241582989,.,-0.0394944707740916,-0.0306530430919592,0.0493827160493827,-0.00889304232485244,-0.0165562913907285
"37",2020-01-27,-0.00964187327823696,-0.0387368421052632,-0.00709876543209864,.,-0.0592105263157895,0.0219981668194318,0.0117647058823529,-0.0160294430757064,-0.0202020202020202
"38",2020-01-28,0.00741770978210488,0.0231663989876867,-0.0174075225365248,.,0.0279720279720279,0.00493273542600892,-0.0372093023255814,0.0104791344667696,0.0137457044673539
"39",2020-01-29,0.0105844454670962,0.0085144841364222,-0.00506168933881679,.,-0.0187074829931974,-0.00133868808567605,0.00362318840579734,-0.000825965921257832,-0.0237288135593221
"40",2020-01-30,-0.00159380692167577,-0.0162248844448637,-0.00953895071542132,.,-0.0103986135181975,-0.0500446827524574,0.00842358604091453,0.00324536158226696,0.0277777777777779
"41",2020-01-31,-0.0280501710376284,-0.00954070380669292,-0.0333868378812199,.,-0.0700525394045535,0.0136406396989652,0.0608591885441527,-0.018157958984375,-0.0270270270270271
"42",2020-02-03,0.0349601126231815,0.0315116898204173,0.0518100298904018,.,-0.0188323917137476,0.0691415313225057,-0.0888638920134984,0.00742858918969325,0.00694444444444442
"43",2020-02-04,0.0231240081614148,0.0458939465039887,0.0315756236185665,.,0.0652591170825336,0.0234375,0.0148148148148148,0.0152412686659262,0.0448275862068965
"44",2020-02-05,-0.0188344781741635,-0.0119346733668342,0.0119375573921028,.,-0.0216216216216216,-0.013570822731128,0.0279805352798053,0.0115480459490671,0.0198019801980198
"45",2020-02-06,0.022583559168925,0.00308782126963947,0.00695704779189343,.,0.0147329650092081,0.132416165090284,-0.0449704142011833,0.00336477798473833,0.0129449838187703
"46",2020-02-07,0.000441696113074208,-0.0197827071072884,-0.049564433763893,.,-0.0272232304900181,-0.05125284738041,0.0161090458488227,-0.00532966045871019,-0.0255591054313099
"47",2020-02-10,-0.0121412803532008,-0.00350990624855674,-0.0151706700379267,.,-0.0130597014925373,0.0188075230092037,-0.0426829268292682,0.00746538229981941,-0.0409836065573771
"48",2020-02-11,-0.0118435754189944,0.00667377299902672,0.0295250320924261,.,0.0283553875236295,0.0428122545168892,0.0535031847133758,0.0017329986853114,-0.0119658119658118
"49",2020-02-12,0.0262324739936681,0.0326872611758207,0.0380299251870324,.,0.0202205882352939,0.0369114877589454,-0.00846432889963733,0.00644276084233142,0.0207612456747406
"50",2020-02-13,-0.0286469810489203,-0.0176095582007043,-0.00720720720720702,.,0.00180180180180178,0.00835452233926626,0.00975609756097562,-0.00106691956611937,0.00338983050847452
"51",2020-02-14,-0.0117967332123411,-0.00331276093664923,-0.00544464609800366,.,-0.0215827338129495,0.0335014409221901,-0.00241545893719797,0.00160208864890521,-0.0439189189189189
"52",2020-02-18,-0.042929292929293,0.00405226972635808,-0.0149026763990269,.,0.0110294117647058,-0.054374346462182,-0.0145278450363195,-0.00257701421800949,0.07773851590106
"53",2020-02-19,0.0302230750779564,0.00734627244694352,0.0166718122877432,.,0.04,0.021747143383708,-0.0233415233415234,0.0047812787693402,-0.442622950819672
"54",2020-02-20,0.0181606519208379,-0.0184568290267398,-0.0106286061342241,.,-0.0104895104895104,0.00793650793650813,-0.010062893081761,-0.00410829343264163,0
"55",2020-02-21,-0.0102904184770179,-0.0249954136855622,0.0184162062615101,.,-0.0318021201413428,-0.0379384395132427,-0.0470139771283354,-0.0102982638373645,-0.0294117647058824
"56",2020-02-24,-0.012014787430684,-0.0302460134531257,-0.0503315250150692,.,-0.0273722627737227,0.00148809523809534,0,-0.0331654072208228,-0.0545454545454545
"57",2020-02-25,0.0144995322731525,-0.00266783081102051,-0.00825134877816569,.,0.024390243902439,-0.00742942050520068,0.004,-0.0303020904410397,-0.0448717948717949
"58",2020-02-26,-0.04587367450438,0.015222994990516,0.03264,.,-0.0384615384615384,0.0318113772455091,-0.0358565737051794,-0.00367823444746518,-0.0604026845637584
"59",2020-02-27,-0.00942256583715873,-0.0177733065057009,-0.0241710567090178,.,0.0114285714285713,-0.034095030830613,0.00137741046831952,-0.0449117174959872,-0.0571428571428571
"60",2020-02-28,0.0278048780487805,0.0144856850217041,0.00730390600190534,.,0.0188323917137478,-0.0356740518212542,-0.0495185694635487,-0.00420153944405233,0.0151515151515151
"61",2020-03-02,0.0113906027527289,0.014326923076923,-0.00535939470365698,.,-0.0277264325323475,0.0603582554517135,0.00868306801736618,0.0433065550529939,-0.0298507462686567
"62",2020-03-03,0.000938526513373894,-0.0169210351692103,-0.0123613312202853,.,0.0266159695817492,-0.0363569592361367,0.0832137733142038,-0.0286324371542268,-0.076923076923077
"63",2020-03-04,0.0253164556962027,0.0219372257846777,0.0125160462130938,.,-0.0722222222222223,0.049923780487805,-0.0052980132450331,0.0420330402344791,0.0333333333333334
"64",2020-03-05,-0.00640146319158663,-0.00235893564823553,0.0335974643423138,.,0.0479041916167666,0.0203266787658802,-0.0159786950732357,-0.0332417055552006,-0.0725806451612904
"65",2020-03-06,-0.0345144960883571,-0.0322519625461081,-0.00337319840539707,.,-0.0228571428571429,-0.0508715759516186,0.0148849797023005,-0.0165311115519408,-0.0434782608695651
"66",2020-03-09,-0.0526692087702574,-0.0341086786551993,-0.0698461538461538,.,-0.0350877192982456,-0.0584707646176911,0.0026666666666666,-0.0780945337188192,-0.107454545454545
"67",2020-03-10,0.0520754716981131,0.0441667509865424,0.0181938471716838,.,0.0181818181818181,0.0350318471337578,-0.0359042553191489,0.0517448856799037,-0.00224078223670809
"68",2020-03-11,-0.048780487804878,-0.0362420659915693,-0.0224171539961014,.,-0.013888888888889,-0.0126923076923077,0.0206896551724138,-0.0487483530961792,-0.126582278481013
"69",2020-03-12,-0.0796882855706386,-0.0694283846965965,-0.0661349285476902,.,0.0140845070422535,-0.0728476821192053,-0.0108108108108108,-0.0956772124216358,-0.136746143057504
"70",2020-03-13,0.0382409177820267,0.0480821177741761,0.0135231316725979,.,0.0158730158730158,-0.0180672268907562,0.0218579234972678,0.0854862762484381,0.123747630652586
"71",2020-03-16,-0.128650355169692,-0.0780927835051547,-0.193820224719101,.,-0.0937500000000001,-0.0517757809157039,-0.0909090909090909,-0.10942373384821,-0.180722891566265
"72",2020-03-17,0.0304951690821258,0.0333240145373219,0.144599303135889,.,0.15301724137931,0.0988267148014441,-0.139705882352941,0.0539920783823225,-0.044264705882353
"73",2020-03-18,-0.111338997949019,-0.0260267301552947,0.00494672754946723,.,-0.0299065420560747,-0.137166324435318,-0.0461538461538461,-0.0506329113924051,-0.250038467456532
"74",2020-03-19,0.0992416749093308,0.00488888888888894,-0.0374858008330178,.,0.0231213872832368,-0.00809138505473594,-0.0788530465949822,0.00212499999999993,0.158596635207222
"75",2020-03-20,0.0014997000599879,0.00232198142414863,-0.0177025963808026,.,-0.0357815442561205,-0.0311900191938579,0.029182879377432,-0.0486882042326722,-0.0203647954666194
"76",2020-03-23,0.0206648697214735,-0.0273579702151131,-0.0128153784541449,.,-0.041015625,0.00346706290242693,-0.056710775047259,-0.0255681818181819,0.122198120028923
"77",2020-03-24,0.039906103286385,0.0533628218214812,0.054766734279919,.,0.0183299389002036,0.0957551826258636,-0.0180360721442886,0.0906032742767438,0.272551546391752
"78",2020-03-25,-0.0135440180586907,0.015127860026918,0.0688461538461538,.,0.0680000000000001,0.0301801801801802,-0.0244897959183674,0.0149701830146001,0.131518987341772
"79",2020-03-26,0.0225972540045767,0.035850657615613,0.0471392587261605,.,-0.00749063670411987,0.00743331875819853,0.0376569037656904,0.0583897240568905,0.141067233471305
"80",2020-03-27,-0.0620979020979021,-0.0344562768789678,-0.0714776632302406,.,-0.030188679245283,-0.0403645833333334,-0.00403225806451601,-0.0297856049004595,0.254901960784314
"81",2020-03-30,-0.0199821055770952,0.0142107216713505,-0.0196150999259808,.,-0.00583657587548625,0.038444142921755,-0.0404858299595142,0.0324757319864257,-0.251640625
"82",2020-03-31,0.0076080340839928,0.0167825586866732,0.0547376368440922,.,0.0469667318982385,0.020034843205575,-0.0738396624472575,-0.0149054079877698,0.023280091867627
"83",2020-04-01,-0.0335246149199637,-0.0355820649938297,-0.0046528274874732,.,-0.0785046728971962,0.0273270708795899,-0.0683371298405466,-0.0450048496605238,-0.120077535196899
"84",2020-04-02,0.0103124999999999,0.00714438046491783,-0.0478245235526789,.,0.0365111561866127,0.0149625935162097,-0.0146699266503667,0.0230753605525087,-0.0852173913043478
"85",2020-04-03,-0.0102072378595731,-0.00947591318157748,-0.0166163141993958,.,0,-0.0126945126945128,0.0496277915632755,-0.0144541952904738,-0.0802281368821293
"86",2020-04-06,0.0587500000000001,0.049917161028272,0.108678955453149,.,0.0254403131115459,0.0601410203235171,0.00236406619385332,0.0671662838954028,0.144687887556842
"87",2020-04-07,0.0814639905548995,0.00789004835836105,0.00138552130238989,.,0.0114503816793892,0.0363849765258215,-0.0424528301886794,0.00101940647889442,0.0352714578066691
"88",2020-04-08,-0.0300218340611355,-0.0102020202020202,0.014873746108613,.,0.00943396226415083,-0.0109475273688184,0.0492610837438423,0.0335684381246935,0.0465116279069768
"89",2020-04-09,0.00225098480585251,0.00198999897948782,0.0211315610088616,.,0.0149532710280373,0.0240458015267175,0.0446009389671362,0.0152173119731416,-0.00633333333333341
"90",2020-04-13,-0.0345311622683885,0.0156337526098691,0.000667556742323105,.,-0.0276243093922651,-0.023108460678345,-0.00224719101123594,-0.00913012221423426,-0.0316448619031645
"91",2020-04-14,0.0247164873509742,0.0267749699157642,0.0116744496330887,.,0.00568181818181812,0.04845478824876,0.0247747747747746,0.0294928535151999,-0.0184757505773672
"92",2020-04-15,-0.00964812712826346,0.0165543510108408,0.0036267721727663,.,-0.00376647834274946,0.022561863173217,-0.0879120879120878,-0.0212481059938688,-0.0358823529411765
"93",2020-04-16,0.0260744985673353,0.0215689100254599,0.0509198423127464,.,0.0396975425330812,0.0241992882562276,-0.0144578313253013,0.00482430875576045,0.0494203782794387
"94",2020-04-17,0.0245741413013123,-0.0148593999811906,-0.0331353547983745,.,0.0163636363636364,0.00764419735927713,-0.0635696821515892,0.0270154066642778,0.0861627906976745
"95",2020-04-20,-0.011719814663396,0.0125536992840096,-0.0345942450695118,.,-0.0196779964221824,0.0234482758620689,-0.0913838120104439,-0.0176179179458554,0.0058880205545444
"96",2020-04-21,-0.0220628792057362,-0.0225804930938575,-0.0254521098459477,.,-0.0164233576642338,-0.0373989218328841,0.0718390804597702,-0.0303632941510705,-0.0155385270327798
"97",2020-04-22,0.0135363790186125,0.0126362496382753,0.0481099656357389,.,0.0482374768089056,0.0570528526426322,-0.0348525469168901,0.0221945502490477,0.102702702702703
"98",2020-04-23,0.000278241513633981,-0.0224804724709469,-0.0295081967213114,.,-0.0194690265486727,-0.0725165562913906,0.0555555555555556,-7.16589036189319e-05,0.0392156862745099
"99",2020-04-24,0.0150208623087622,-0.00428766322354313,0.0195945945945946,.,-0.00722021660649819,-0.00963941449482342,-0.0552631578947368,0.0139386555826289,0.0471698113207548
"100",2020-04-27,0.0189092902164976,-0.00327852808768847,0.0603048376408217,.,0.0272727272727273,-0.00108147080028831,0.0779944289693595,0.0144184895925363,0.117117117117117
"101",2020-04-28,-0.0142549757934374,-0.0124699297952771,-0.0109375,.,-0.0176991150442479,-0.0270660411403826,-0.0594315245478036,-0.00459850200313527,0.120967741935484
"102",2020-04-29,0.00572987721691676,0.0275913497390006,0.0315955766192733,.,-0.0414414414414414,0.0296735905044512,-0.0137362637362638,0.02617856017919,-0.0575539568345322
"103",2020-04-30,0.0181768855127511,-0.0194968553459119,-0.0248085758039815,.,0.00939849624060152,-0.013328530259366,-0.0473537604456824,-0.00931073292179652,-0.0687022900763359
"104",2020-05-01,-0.0679456434852119,-0.0404105195638229,-0.0998743718592965,.,-0.0465549348230913,-0.0821467688937568,-0.087719298245614,-0.0264734232993665,-0.0163934426229508
"105",2020-05-04,-0.0108633504859919,-0.0171225832990538,-0.00383810188415912,.,-0.0292968750000001,0.0552903739061257,0.0320512820512822,0.00275823048905544,-0.05
"106",2020-05-05,0.011849710982659,0.0202458801987968,0.00245183887915945,.,-0.0100603621730382,0.0369393139841689,-0.0341614906832299,0.00923934125612735,0.0175438596491229
"107",2020-05-06,0.0274207369323052,0.000769151881858221,0.00978336827393433,.,0.0182926829268293,0.0170846964740095,0.00643086816720251,-0.00677871344211889,-0.0344827586206895
"108",2020-05-07,0.0252988601612456,0.00676333452887246,0.00449826989619395,.,0.00399201596806398,0.0239456754824874,-0.00319488817891367,0.0120668425681618,0
"109",2020-05-08,-0.0105748373101953,0.023919792355845,0.0241129865656218,.,0.0457256461232602,0.0122164048865621,-0.00641025641025639,0.0165461624026697,0.0357142857142856
"110",2020-05-11,-0.00328857221156498,0.0209254933147771,-0.0110998990918265,.,0.038022813688213,-0.0110344827586207,0.0290322580645161,0.000205170291341927,-0.0431034482758619
"111",2020-05-12,-0.00824855650261191,-0.0247809152872445,-0.0282312925170067,.,-0.00549450549450559,0.0195258019525801,-0.0313479623824452,-0.0199316239316238,0.0360360360360359
"112",2020-05-13,-0.0288328250623787,-0.00424342269482303,-0.0444522226111306,.,-0.0128913443830569,0.0492476060191518,-0.0582524271844659,-0.0176858408623155,-0.0608695652173912
"113",2020-05-14,-0.0137025406794178,0.00922490724957381,-0.00622710622710632,.,-0.0205223880597015,0.0114080834419819,-0.0240549828178696,0.0119673295454545,-0.013888888888889
"114",2020-05-15,0.0147612156295225,0.0118231495280676,-0.0221157390342793,.,-0.0228571428571429,-0.00483403158233975,0.0105633802816902,0.00459697512018797,0.0187793427230047
"115",2020-05-18,0.0439247005134056,0.0569520816967792,0.035808518658123,.,0.0155945419103314,0.0900259067357512,0.0452961672473868,0.030459689814168,0.124423963133641
"116",2020-05-19,-0.0193989071038252,0.00891861761426971,0.0880640465793303,.,0.00959692898272557,0.0463458110516934,-0.00666666666666671,-0.0102711864406779,-0.0122950819672131
"117",2020-05-20,-0.0437447757035386,-0.00188766114180472,-0.0220735785953178,.,-0.0133079847908744,-0.0715502555366269,-0.0671140939597316,0.0169880467171284,0.0456431535269708
"118",2020-05-21,-0.0358391608391607,-0.0213570736657595,-0.0215458276333789,.,-0.0269749518304433,0.0376146788990825,0.0179856115107915,-0.00690398410399762,-0.00793650793650791
"119",2020-05-22,-0.0970081595648233,-0.0587292609351433,-0.0891296749388326,.,-0.0198019801980197,-0.0262304745063366,-0.0812720848056537,0.00189907759088448,0
"120",2020-05-26,-0.00234270414993309,0.0101151727591389,0.0575594781273983,.,0.0202020202020201,0.00272397094431009,0.0115384615384615,0.012320606552938,0.024
"121",2020-05-27,0.0342167058034217,-0.00267697798929201,-0.00943396226415083,.,-0.0376237623762375,-0.0250528222155147,0.0266159695817492,0.0148789621505951,-0.04296875
"122",2020-05-28,-0.0272461887771651,-0.00840043741922658,-0.0399267399267399,.,0.00205761316872421,-0.048297213622291,0.0444444444444443,-0.00184495766481052,-0.0367346938775511
"123",2020-05-29,0.0260086695565189,0.0396009825053887,0.0106829454406714,.,0.0636550308008212,0.0549772283669487,0.0921985815602837,0.00445588672145747,0.0805084745762712
"124",2020-06-01,-0.000324991875203073,-0.00395390327402478,0.107965269913175,.,-0.0424710424710424,0.0194264569842739,-0.025974025974026,0.00404179810725558,-0.015686274509804
"125",2020-06-02,0.02925877763329,0.0375659582708041,0.106984667802385,.,0.0262096774193548,0.0341802782819116,0.206666666666667,0.00828015054819176,-0.0119521912350596
"126",2020-06-03,0.041692987997473,0.019969206364018,0.0510926438904278,.,0.0785854616895876,-0.00116993272886812,0.149171270718232,0.0133082316281485,0.088709677419355
"127",2020-06-04,0.0169799878714374,-0.00260738301084129,-0.0269399707174232,.,-0.0564663023679418,-0.0172767203513908,-0.108173076923077,-0.00262668973028379,-0.0518518518518519
"128",2020-06-05,0.0256410256410255,0.00692533480095414,0.0397231417393922,.,0.0501930501930503,0.0280095351609058,0.0107816711590296,0.0256294964028776,0.1796875
"129",2020-06-08,0.00319767441860463,-0.00250512411751314,-0.00868306801736607,.,-0.00919117647058831,0.0133333333333334,0.00800000000000001,0.0120874303250456,0.172185430463576
"130",2020-06-09,-0.0408577223993044,0.0078538812785387,-0.0613138686131387,.,-0.0241187384044527,-0.0311784897025172,-0.0740740740740741,-0.00745668316831671,-0.096045197740113
"131",2020-06-10,-0.00906344410876148,0.0134106560347953,0.0541213063763608,.,-0.00190114068441061,0.0475346914673753,0.0257142857142856,-0.00557997443810598,-0.13125
"132",2020-06-11,-0.0317073170731706,-0.0377324749642346,-0.0548834464443788,.,-0.0476190476190477,-0.044532130777903,-0.0612813370473537,-0.0576489028213165,13.8057553956835
"133",2020-06-12,0.0223551637279595,0.0111503438022671,0.0433968154854825,.,-0.00399999999999989,0.0581120943952802,-0.0178041543026707,0.0119756495126575,0.0568513119533529
"134",2020-06-15,0.0295657530027718,-0.00280279360411684,0.0131657690005984,.,-0.0421686746987954,0.0652355729021468,-0.0120845921450151,0.00933565629006283,0.111264367816092
"135",2020-06-16,0.0305115166018548,0.0257568078145878,0.00620200826934436,.,0.0461215932914047,0.0295734101020675,-0.0152905198776758,0.0192476795310208,0.126603227141084
"136",2020-06-17,0.0040638606676342,0.00732189381007986,0.115350748459055,.,-0.0340681362725451,0.0449923741738687,-0.0124223602484472,-0.00415388548057249,-0.209695189129636
"137",2020-06-18,0.0159005492917028,-0.00316610925306582,-0.000263157894736743,.,0,0.0364874726343956,-0.0251572327044025,0.00038503497400999,-0.029275092936803
"138",2020-06-19,-0.00739897552646551,-0.0129730696966986,0.0665964727559885,.,0.00829875518672196,0.0495188922788077,-0.00645161290322582,-0.0100712040541407,0.0335088559119194
"139",2020-06-22,-0.0280963302752295,0.00348984771573613,-0.0671273445212243,.,-0.0308641975308642,-0.0409212880143113,-0.025974025974026,0.00641524105754288,-0.0708661417322836
"140",2020-06-23,0.008259587020649,0.0331511675172758,0.0592592592592593,.,0.0148619957537155,0.0408020517603171,0.0233333333333332,0.00460369583413822,0.0593220338983051
"141",2020-06-24,-0.0356933879461673,-0.0110601092896175,-0.00474525474525467,.,0.002092050209205,-0.0136648745519713,0.00325732899022801,-0.0255087325749079,-0.0639999999999999
"142",2020-06-25,0.0285194174757282,-0.0179471311113076,0.0127979924717692,.,-0.0271398747390397,0.0122643652055416,0.0194805194805194,0.0107205103752179,0.0165912518853695
"143",2020-06-26,0.00412979351032461,-0.0290331292761973,-0.0247770069375619,.,-0.0793991416309013,-0.00112183082791106,0.0191082802547771,-0.0237514234585977,-0.07566765578635
"144",2020-06-29,-0.0208578143360753,-0.00319873904779566,-0.0226117886178862,.,-0.00233100233100225,0.0220125786163521,-0.0437500000000001,0.0146975504082651,0.0208667736757622
"145",2020-06-30,0.00810081008100827,0.00316249651195233,-0.000519885625162364,.,0,0.0180219780219781,-0.0261437908496732,0.0128095644748081,-0.0503144654088049
"146",2020-07-01,-0.0163690476190478,0.0011590171534539,0.00832249674902474,.,0.0233644859813082,0.0179188255613125,-0.040268456375839,0.00700479958490074,-0.033112582781457
"147",2020-07-02,0.0202723146747352,0.0354248668673305,0.0874387412948154,.,0.0342465753424659,0.0218451749734889,0.0594405594405594,0.00550689166559337,0.0262557077625571
"148",2020-07-06,0.179715302491103,0.0733452593917709,0.0341555977229602,.,0.0353200883002207,-0.0838522208385222,0.0231023102310233,0.0154373378599109,0.00723025583982206
"149",2020-07-07,-0.00955253896430375,-0.0145416666666667,0.00389908256880744,.,-0.0170575692963753,0.0473493429995469,0.193548387096774,-0.0103138306260844,-0.059635560463832
"150",2020-07-08,-0.0314720812182742,0.0895099572956746,0.0541466758053462,.,0.00867678958785256,0.00951762924507915,0.202702702702703,0.00764867104340627,0.0182031708749266
"151",2020-07-09,-0.000524109014674923,0.0151350512263271,-0.00325097529258778,.,0.032258064516129,0.0334261838440111,-0.0382022471910112,-0.0056929597064963,-0.0663206459054209
"152",2020-07-10,-0.0196643943366545,-0.00217906567780413,-0.0308762774516199,.,-0.0666666666666665,-0.0140991084387311,-0.0934579439252338,0.0102105731916788,0.0450895614576901
"153",2020-07-13,-0.014442364268521,-0.0357840695758783,-0.0435270361229526,.,0,-0.0471083070452154,-0.11340206185567,-0.00865896281369061,-0.0283687943262412
"154",2020-07-14,-0.0154681139755767,-0.0122779830730718,-0.0316678395496129,.,0.0200892857142856,-0.0293533436327522,0.0988372093023255,0.0129589632829374,-0.00790754257907555
"155",2020-07-15,-0.0104740904079383,0.00253439536567712,-0.0150193798449614,.,-0.037199124726477,-0.0172805820827648,0,0.00918725699234924,0.0833844267320665
"156",2020-07-16,0,-0.0269250832631115,-0.0211510083620265,.,0.00909090909090904,-0.015733456732994,-0.0555555555555556,-0.00329345968618922,0
"157",2020-07-17,-0.0150417827298049,0.0191340206185566,-0.0168341708542712,.,0.00450450450450446,-0.0150446638457922,-0.0196078431372548,0.00289909286449075,-0.0503678551216752
"158",2020-07-20,0,0.0310350408675246,0.04600051111679,.,0.00896860986547088,0.0114558472553701,0.04,0.00808156160636564,-0.0336710369487486
"159",2020-07-21,0.0243212669683257,0.0121266826262705,0.0100171023698998,.,0.028888888888889,0.0420009438414346,0.054945054945055,0.002127528367045,0.0280604378661735
"160",2020-07-22,-0.0646051905024847,-0.0240403257076386,-0.0193517174649251,.,-0.058315334773218,-0.0418931159420288,-0.0390625,0.00569213254976786,0.00899820035992782
"161",2020-07-23,-0.0162337662337664,0.000715137067938132,-0.0609274790330537,.,-0.0229357798165138,-0.0309619475301348,0.0487804878048781,-0.01193171388362,-0.0231866825208086
"162",2020-07-24,0.0117011701170118,-0.0114340161981896,-0.00682952456002095,.,-0.0234741784037558,-0.0219512195121951,-0.0180878552971577,-0.00644042605895467,-0.0231284236153377
"163",2020-07-27,-0.0180901542111507,0.00746987951807232,0.0304152340650621,.,0.0216346153846154,0.030423940149626,0.00526315789473686,0.00729244577412125,-0.0485981308411215
"164",2020-07-28,0.0295983086680762,-0.00721517978155151,0.0143737166324436,.,-0.0258823529411766,-0.0111326234269119,0.0130890052356021,-0.0063424293051173,-0.00523903077930588
"165",2020-07-29,0.0102669404517453,0.0136518771331058,0.0230263157894737,.,0.0217391304347827,0.0222711698482625,0.0180878552971575,0.0122987825762058,0.0329163923633971
"166",2020-07-30,-0.0084204413472706,0.001148742325213,0.00222606975018569,.,-0.00945626477541373,-0.011252094804884,0.0170812182741116,-0.00356791338582685,-0.0159337157425111
"167",2020-07-31,0.0120058565153736,-0.00680541267705947,0.038005923000987,.,0.00477326968973735,0.0552058111380145,0.0281236742944126,0.00790221014940107,-0.00582901554404147
"168",2020-08-03,0.00839120370370372,0.0275675245000397,0.017593913456966,.,0.0427553444180522,0.0562184488297386,0.0315533980582523,0.00695210094328069,0.0358306188925082
"169",2020-08-04,0.017790530846485,0.0165154687136544,0.00514018691588802,.,0.0455580865603644,-0.018248968064306,0,0.00386264789075086,0.0352201257861635
"170",2020-08-05,0.0132506343388779,0.010335621662853,0.00999535099953519,.,0,0.0073025005532199,-0.0423529411764705,0.00621099194085928,0.00486026731470224
"171",2020-08-06,-0.0125208681135224,0.00290664754067405,-0.0338319907940162,.,0.0174291938997821,-0.0237258347978911,-0.031941031941032,0.00668453223329601,-0.00544135429262393
"172",2020-08-07,-0.0315581854043394,-0.0511141222523337,-0.00952834683182469,.,0.0149892933618845,-0.0636813681368137,-0.0710659898477157,0.000717853617683062,0.566565349544073
"173",2020-08-10,0.0288041897003202,-0.0157477191590638,-0.00192400192400188,.,-0.0611814345991561,-0.0146599375150204,0.0136612021857923,0.00298891113967192,-0.03337213814513
"174",2020-08-11,-0.00735294117647056,0.00116874219159313,-0.023855421686747,.,0.0269662921348315,-0.0160975609756097,-0.0431266846361187,-0.00825461155645613,0.0196708149337614
"175",2020-08-12,0.0176638176638175,0.0272522341196362,0.031103431251543,.,-0.0240700218818382,0.0148735746157658,0.0140845070422535,0.0139423076923078,-0.0665354330708661
"176",2020-08-13,-0.0445128779395296,-0.00576041380931858,-0.0351927220493178,.,-0.00672645739910316,0.0197850512945774,-0.0194444444444445,-0.001807728781413,0.0126528890763391
"177",2020-08-14,-0.0424846176384414,0.000985338168059346,-0.00173697270471462,.,-0.0248306997742662,-0.00407185628742524,-0.00849858356940503,2.96885669328617e-05,-0.000624739691795106
"178",2020-08-17,0.029987760097919,0.0117730440603221,0.0494655729555058,.,-0.013888888888889,0.0459355459355459,-0.0914285714285714,0.00317658235363982,-0.00520941862888102
"179",2020-08-18,0.00683303624480103,0.00871731008717314,0.0262908574135481,.,0.051643192488263,0.0418487008507702,-0.0283018867924529,0.00216033855168529,0.209886887306242
"180",2020-08-19,-0.0185895544408381,0.0053626543209877,0.01453957996769,.,-0.0267857142857143,-0.000882807327300839,-0.0226537216828478,-0.00416371367824231,0.0382617728531855
"181",2020-08-20,0.0108238123872519,-0.0100541079857245,-0.044813466787989,.,-0.0458715596330276,-0.00441793682350344,0.0033112582781456,0.00311360199270516,-0.0363515090878773
"182",2020-08-21,0.00505651397977402,0.0303523665542504,-0.0738271016908788,.,0.00240384615384603,-0.00177501664078095,-0.013201320132013,0.003547357218872,-0.0295898944454058
"183",2020-08-24,0.0295945546019531,0.0384499623777275,0.0539984571869376,.,0,0.025116692598355,-0.0535117056856188,0.0101331448097091,0.161911554921541
"184",2020-08-25,0.0313308421960334,0.0361568002318673,0.0544035130519638,.,-0.00479616306954422,0.0190806591500434,-0.03886925795053,0.00349935845095062,-0.0125844076120318
"185",2020-08-26,0.00891861761426971,0.0208391608391607,-0.0240629338269319,.,0.0216867469879518,0.0365957446808511,0.180147058823529,0.010025572474718,-0.00901460988498615
"186",2020-08-27,0.00193370165745854,-0.0266817372242771,-0.0118539592223803,.,0.0188679245283019,-0.0734811165845648,-0.0529595015576324,0.00218660989153263,-0.00784190715181932
"187",2020-08-28,0.0612076095947063,0.0169968680719288,-0.0124760076775433,0.0739868049010368,-0.013888888888889,0.0498449268941072,-0.00657894736842102,0.00645939195590395,0.0382548213721152
"188",2020-08-31,-0.0309171213302157,-0.00681660899653991,0.00680272108843538,-0.100482667836771,-0.0610328638497653,-0.00295420974889216,-0.0264900662251656,-0.00362256831536301,-0.0307551766138856
"189",2020-09-01,0.0308310991957106,0.0382190014981014,0.0497104247104247,0.0541463414634147,0.0549999999999999,0.105820105820106,0.0034013605442178,0.00941856803412455,0.00534087338988387
"190",2020-09-02,-0.0135240572171652,-0.00647651006711414,-0.0367816091954023,-0.0240629338269319,-0.00710900473933629,-0.0262200956937798,-0.0135593220338983,0.0144639818491208,0.0759375
"191",2020-09-03,-0.0464012654890588,-0.0458337555307866,-0.0694510739856801,-0.0502607871028923,-0.0429594272076373,-0.0709512578616353,-0.0549828178694158,-0.0344143136706737,-0.0938135347081034
"192",2020-09-04,-0.00248824993088204,-0.00392920353982307,-0.0074378045652731,-0.0499251123315028,0.0299251870324191,-0.00528876665961497,0.00363636363636366,-0.00816468340137233,0.0591346153846155
"193",2020-09-08,-0.050720620842572,-0.0404065531824159,-0.0320413436692507,-0.068313189700473,-0.0532687651331718,-0.0559336452573373,-0.0181159420289855,-0.0273228829144408,-0.0431230140717204
"194",2020-09-09,-0.00350364963503647,0.0115917339456337,0.0109450080085423,0.0191765369430343,0.00255754475703318,0.0159945933768868,0.014760147601476,0.0197473065034064,0.088235294117647
"195",2020-09-10,-0.031936712569587,-0.0205015559216546,-0.0261420649590703,0.0669618151632541,-0.0561224489795917,-0.0472283813747228,-0.00727272727272732,-0.0173636657935785,-0.0357454228421969
"196",2020-09-11,0.00635593220338992,0.0151747336946366,-0.00216919739696331,-0.00933609958506221,-0.0189189189189189,0.00116360251338143,0.054945054945055,0.000509149719967628,-0.0238095238095238
"197",2020-09-14,0.0571428571428572,0.0091675564228122,0.0241847826086956,0.0722513089005234,-0.0440771349862258,0.0216178521617851,-0.128472222222222,0.0131712865952223,-0.120716270453844
"198",2020-09-15,-0.0147937411095305,0.014082451659978,-0.0175112762005836,0.03125,0.0115273775216138,0.0327645051194538,0.047808764940239,0.00505229569225318,-0.0333567415730337
"199",2020-09-16,0.017614784868611,0.000647575190674932,-0.014852822036187,-0.0568181818181818,-0.0142450142450142,-0.0273187926856137,-0.0304182509505704,-0.00396860393332754,-0.0185252451870687
"200",2020-09-17,0.0184449489216798,-0.00870065434673173,-0.047423245614035,-0.0341365461847392,-0.023121387283237,0.00158550396376,-0.0235294117647057,-0.00879523050587339,-0.0603256846780162
"201",2020-09-18,0.0247979938701588,-0.0120049325402583,-0.00258992805755409,-0.0176715176715176,-0.0355029585798817,-0.0257801899592944,0.0080321285140561,-0.0154537875178656,0.0259944860181174
"202",2020-09-21,-0.0146818923327895,0.005176021438273,-0.0184650894402768,-0.0396825396825397,-0.0736196319018404,0.000232126276694666,0.0199203187250998,-0.0111295932254648,-0.026679462571977
"203",2020-09-22,-0.00717439293598243,0.00536849024906894,-0.0349794238683129,0.0639118457300276,0.066225165562914,0.00510559294499879,-0.0234375,0.0101844205890449,0.0234667718398738
"204",2020-09-23,-0.0169538632573651,-0.00850012713865389,0.0377703320134024,-0.0466079751424132,-0.0496894409937889,-0.0337104594781806,0.044,-0.0231910384498941,-0.110211946050096
"205",2020-09-24,-0.0240316652530391,-0.0117970324235207,-0.0372761960669211,-0.0521455730581206,0.0130718954248366,0.000955794504181595,-0.0076628352490421,0.00266550954624356,-0.0563014291901256
"206",2020-09-25,-0.0573580533024335,0.00504207911615295,-0.00213414634146347,0.0275071633237822,-0.0290322580645163,0.00740033420864172,0.0231660231660231,0.0161669242658424,0.0523175768701238
"207",2020-09-28,0.0743700061462815,0.0181489542218451,0.0381912618392912,0.0630228667038482,-0.00332225913621254,-0.00924170616113751,-0.0264150943396226,0.016609375475314,0.0388137810728304
"208",2020-09-29,-0.0374713958810069,0.00333321256476227,-0.0620953502060034,-0.0146904512067155,-0.0033333333333333,-0.0275053814876826,0.0271317829457365,-0.00544600377031024,-0.0942485306465156
"209",2020-09-30,0.0826151560178305,0.0615679052468132,0.0194540320050205,0.0686900958466454,0.00334448160535117,0.0231185440236106,-0.011320754716981,0.00758191172488476,-0.0544611819235227
"210",2020-10-01,0.0156464452374416,-0.013368256343969,0.0357032933210217,-0.0697558545092176,0,0.0218749999999999,0.0114503816793892,0.0064200185135419,0.040686274509804
"211",2020-10-02,0.0418918918918918,-0.00648164109636273,-0.0312035661218424,-0.0257096946973755,-0.02,-0.016701952481769,0,-0.00949442202705919,0.00894959962317476
"212",2020-10-05,0.0453955901426719,0.000347017385570858,0.00981595092024534,0.101704233095107,-0.0680272108843537,0.0789473684210527,-0.0150943396226415,0.017733045770429,0.0298786181139121
"213",2020-10-06,0.0121588089330025,0.014292156658688,-0.0133657351154315,-0.0169660678642715,0.0182481751824817,0.0680709534368071,0.00766283524904221,-0.0142159171179655,-0.0797824116047143
"214",2020-10-07,0.0176513851434175,0.014056568282089,-0.0101600985221675,0.0233502538071066,0.0645161290322582,-0.0103799045048786,0.00950570342205315,0.0174066222792821,0.0315270935960592
"215",2020-10-08,-0.00264996386412908,0.0136256323777404,0.0177293934681182,-0.0148809523809524,-0.0303030303030304,-0.0224459827984057,0.00941619585687392,0.00886254255194263,0.012893982808023
"216",2020-10-09,-0.00410628019323678,-0.0026618752911427,0.03239608801956,0.00704934541792546,-0.00694444444444442,0.0390557939914162,-0.0149253731343284,0.00893012973413243,-0.00330033003300334
"217",2020-10-12,-0.00873150618481688,0.0220190832054445,0.051805802249852,-0.00600000000000001,-0.00699300699300698,-0.0111524163568774,-0.00757575757575757,0.0160876459564654,0.00756859035004731
"218",2020-10-13,-0.0242231465622705,0.00796500620225893,0.00872502110892204,-0.0120724346076458,-0.0176056338028169,-0.00459482038429415,0.0114503816793892,-0.00652611866186192,-0.00892018779342729
"219",2020-10-14,-0.027331995987964,-0.0250663903102532,-0.0251116071428573,0.122708757637475,-0.032258064516129,-0.0832983634074695,0,-0.0062833804586867,-0.00663192799621037
"220",2020-10-15,-0.0247486465583914,-0.0052484719638588,-0.0154550658271322,0.00498866213151916,-0.0148148148148148,0.00160219729915312,0.0113207547169811,-0.00123588078061676,-0.0395803528850739
"221",2020-10-16,0.0137457044673541,0.026213851599546,-0.0241279069767442,-0.0175992779783394,-0.0225563909774437,0.00137111517367461,0.00373134328358193,-0.000604316546762518,0.00496524329692138
"222",2020-10-19,-0.001303780964798,-0.00657316716019651,0.0294906166219839,-0.0886541111621497,0.00384615384615383,0.00410771337288907,-0.00371747211895901,-0.0152034322900171,-0.0400197628458497
"223",2020-10-20,0.00992167101827679,0.0148055946804677,0.0570023148148149,0.0151209677419355,0.0344827586206897,0.0281818181818183,-0.0074626865671642,0.00400573082658395,-0.0036026762738034
"224",2020-10-21,0.0157704239917269,-0.00593912397921303,0.0276485080755542,0.0139026812313805,0.0259259259259259,-0.00176834659593295,0.00751879699248126,-0.00189294658978389,-0.00568181818181812
"225",2020-10-22,0.0157800967167216,-0.00548754748839186,0.00426212040490159,0.019588638589618,0.0974729241877257,0.00310008857395916,-0.0447761194029851,0.00548536749044426,0.035844155844156
"226",2020-10-23,0.00225507391631186,0.0118845500848899,0.0140583554376656,-0.0369836695485111,-0.0526315789473685,-0.0189845474613687,-0.00390625000000011,0.00339514233481308,0.025075225677031
"227",2020-10-26,-0.00500000000000012,-0.00984124935467223,-0.0222338477635363,-0.0214463840399002,0.03125,0.0126012601260126,-0.0352941176470588,-0.0184799583550234,-0.0273972602739727
"228",2020-10-27,0.0469849246231158,0.0334669403982142,0.0139111824505083,0.0142711518858307,-0.0740740740740742,0.0182222222222221,-0.0121951219512194,-0.00344736144258806,-0.00905432595573441
"229",2020-10-28,-0.00407967362610995,-0.029009270353787,-0.0343007915567282,-0.0442211055276381,-0.0836363636363636,-0.0316455696202532,-0.00823045267489708,-0.0341789367867069,-0.0223350253807105
"230",2020-10-29,0.00843373493975896,0.015002922647269,0.0254098360655737,0.0893796004206098,0.130952380952381,0.0459770114942528,-0.00414937759336109,0.010163472723933,0.0804776739356177
"231",2020-10-30,-0.00716845878136207,-0.0251791656002047,-0.025046629363176,-0.0646718146718147,-0.0982456140350878,-0.0374919198448609,-0.025,-0.0104248742348021,-0.0682364247957712
"232",2020-11-02,0.00144404332129966,0.0201844497686172,0.0409948073244055,0.0691434468524252,-0.0350194552529183,-0.0047011417058429,-0.0341880341880342,0.0112084277577018,0.0304280556988139
"233",2020-11-03,-0.0259552992069214,-0.0812958435207823,-0.0420057757941718,0.071911196911197,0.0524193548387097,0.00359874044084574,0.0398230088495577,0.0176559660811628,0.0325325325325325
"234",2020-11-04,0.0562546262028127,0.0355079315054101,0.0389147711701834,0.233228275551553,-0.0153256704980843,0.0793366203496191,0.0212765957446808,0.0223491950123502,0.0387784779447407
"235",2020-11-05,0.0256949310908665,-0.0269182645159108,0.0546030071221313,0.308871851040526,0.00778210116731515,-0.0436046511627906,0.0083333333333333,0.0195028235431098,0.0452636490900606
"236",2020-11-06,0.0059212024595765,0.0423979148566465,0.0600300150075039,-0.0290097629009762,0.00772200772200771,0.0610073816760746,0,-0.000228414801279109,-0.00357142857142845
"237",2020-11-09,0.0323749151007471,-0.031405234205701,-0.0410571024067957,-0.0212582591209424,0.0344827586206897,-0.0579087374667485,-0.00826446280991733,0.0125656842586246,0.112007168458781
"238",2020-11-10,0.017982456140351,-0.0825732282380476,-0.0590551181102362,-0.0343410625183447,0.0629629629629629,-0.0508253692441355,0.0291666666666668,-0.00146660649819486,-0.0705076551168412
"239",2020-11-11,-0.00280051701852657,-0.0033390860658814,0.0292887029288702,0.0191489361702128,-0.0452961672473867,0.0114416475972541,0,0.00742853914811881,0.0667533593411356
"240",2020-11-12,-0.0265716137394685,-0.00504423113118757,0.036839430894309,0.334029227557411,0.0255474452554745,0.0384615384615383,-0.0121457489878544,-0.00970084391734671,-0.0434782608695652
"241",2020-11-13,0.0292942743009321,-0.0131285233248838,0.0196030384709629,-0.0612564274536105,0.149466192170818,0.065359477124183,-0.00819672131147542,0.0138444551400019,0.0467289719626169
"242",2020-11-16,0.0235015092712376,-0.0096994326023615,-0.0461427541456381,0.0502500595379851,-0.0154798761609907,0.0235173824130879,0,0.0124825467746439,0.00324675324675328
"243",2020-11-17,-0.0160101116494628,-0.00584568928806473,0.0183925422020661,-0.0269841269841271,-0.0220125786163523,0,0.00826446280991733,-0.00537827178200068,0.0283171521035599
"244",2020-11-18,-0.0460286876471847,-0.00377725856697819,-0.0225136071251857,-0.0170123514332323,0.00643086816720251,-0.0439560439560439,0.00409836065573788,-0.0120348289057735,0.0531077891424074
"245",2020-11-19,0.0190754039497305,0.0158699136145095,0.0321437610731461,0.14058795637743,-0.0383386581469649,0.221734587251829,0.036734693877551,0.00421017177500849,0.0366081434441539
"246",2020-11-20,-0.00792776921382954,0.0417484320289354,0.0279548798430604,0.120141342756184,-0.0465116279069766,0.0263427984946971,0.0826771653543308,-0.0068477835541394,0.00324324324324321
"247",2020-11-23,-0.0119866814650388,-0.00232695575090491,-0.0782442748091603,0.339209500835034,-0.0766550522648084,0.0553333333333332,-0.0363636363636364,0.00599442771508185,0.0466954022988506
"248",2020-11-24,-0.00134801168276777,0.036466624708452,-0.0302795031055901,-0.0213385063045588,0.120754716981132,-0.00758054327226776,0.162264150943396,0.0161136910423545,0.0806451612903225
"249",2020-11-25,-0.0186726659167605,-0.00800114302043131,0.015479049906592,-0.0900467223559394,0.0101010101010099,-0.0132081476766391,-0.0616883116883117,-0.00154176532129291,-0.00508097808828201
"250",2020-11-27,-0.0116918844566712,-0.00446492870517068,0.0241787122207622,0.00015559358954409,-0.0133333333333333,0.045960328979197,0.0622837370242213,0.00278497766503061,0.0162783274816469
"251",2020-11-30,-0.0199489677569009,-0.0474537037037037,-0.046445984090326,-0.0858742999377723,-0.0101351351351351,-0.0308356460067838,-0.03257328990228,-0.00442709049412937,-0.0527638190954773
"252",2020-12-01,-0.0106508875739646,0.00246810449574708,0.0452099031216364,-0.108917631041525,-0.0409556313993175,-0.0324530703149857,-0.0101010101010102,0.0109374136883389,0.0125994694960212
"253",2020-12-02,0.00717703349282317,-0.0101890079921215,0.00772399588053552,0.0695187165775402,-0.0142348754448399,0.0159487010851693,0.0034013605442178,0.00210371017977162,0.0281597904387687
"254",2020-12-03,0.01353919239905,0.0213913975202817,-0.00536535513541136,-0.0746428571428571,0.0288808664259927,0.00873927820035614,-0.00677966101694916,-0.00027263556803625,0.0146496815286625
"255",2020-12-04,-0.017811108507148,0.00127383762316868,-0.0151554071410223,-0.0478579698957931,-0.0315789473684212,0.0875982672870208,0.0136518771331058,0.00861763342332766,0.0863151286880099
"256",2020-12-07,-0.0150322118826055,-0.0121608980355472,-0.0362545644235786,-0.0210782326712607,-0.0289855072463767,0.0702168461424988,0,-0.00205488711639867,-0.0248483097370702
"257",2020-12-08,-0.0125968992248062,0.00791666666666657,0.0124492557510147,0.00807453416149073,-0.0074626865671642,0.0379048931771193,-0.0101010101010102,0.00292611558156564,0.0106666666666666
"258",2020-12-09,0.00147203140333674,-0.00860611071441975,-0.0237904303662121,-0.0829739166153214,-0.048872180451128,-0.0297476759628154,-0.0204081632653061,-0.00896885214901255,0.0436822046320728
"259",2020-12-10,-0.000244977951984304,0.00405610310841542,-0.0177984665936475,0.00335946248600227,-0.0276679841897233,0.0362715576238706,0.0104166666666667,-0.000327109172686413,-0.0129213483146068
"260",2020-12-11,-0.0284244057828964,-0.00124589421225496,-0.00892110398661838,-0.0109374999999999,0.024390243902439,0.00264165896182811,-0.0103092783505155,-0.00117252474572571,-0.0190665907797383
"261",2020-12-14,0.0524590163934426,-0.0321690481590687,0.00225035161744036,0.0645452493793726,-0.0634920634920636,0.0301673033855883,0.00694444444444442,-0.00447720447720446,0.0226283724978242
"262",2020-12-15,0.0103043374071412,-0.00359332890676856,-0.0300308728599494,0.0491838032647869,-0.097457627118644,-0.0196930946291561,0.010344827586207,0.0135194427686063,0.0313475177304963
"263",2020-12-16,0.0543168880455409,0.0265767708047508,0.0188078703703702,-0.0422307536876138,-0.0281690140845071,0.0283068092877641,-0.00170648464163836,0.00156930652885645,0.0394718745702105
"264",2020-12-17,0.0263217097862767,0.00969872847378683,0.0349332575972734,-0.021518987341772,-0.00966183574879231,0.0426233667385514,0.00512820512820511,0.00559202528567959,0.0430007938608097
"265",2020-12-18,0.0133713283647523,-0.0167530159210377,-0.0170142700329308,0,0.263414634146341,0.0302956564058889,0.0034013605442178,-0.00822050290135401,-0.00634276290752256
"266",2020-12-21,-0.0103828682673588,0.00165384615384623,-0.0192629815745393,0.0127210004312204,-0.0733590733590733,0.0346008502598014,-0.0237288135593221,-0.00357549163009907,-0.0409804672539256
"267",2020-12-22,0.00415300546448072,-0.0176630956495027,-0.0273270708795901,-0.040877155631254,-0.0583333333333333,-0.0197466042689192,-0.0034722222222221,-0.00168542380253356,-0.0298189563365283
"268",2020-12-23,-0.0104484109708315,0.00136809600125076,0.0111208662569504,-0.0277469478357381,-0.00884955752212369,-0.0360968793665579,-0.00348432055749137,0.000898594924300111,0.0543358946212953
"269",2020-12-24,-0.0252969643642763,-0.133421812787884,-0.0735166425470333,-0.0440639269406393,-0.049107142857143,-0.0093017637110413,-0.0104895104895104,0.00389041543107438,-0.0171785528370642
"270",2020-12-28,-0.134958248702325,0.00162162162162161,-0.0243673851921273,-0.0921901122522092,-0.0704225352112676,-0.0076819900012195,0.0247349823321554,0.00859078590785911,0.0590572033898307
"271",2020-12-29,0.0331333159405167,0.0625112430293218,0.0438680755683638,0.0931333859510655,0.0353535353535352,0.0131481936593758,-0.00689655172413794,-0.0019077303382864,-0.0412603150787697
"272",2020-12-30,0.0358585858585858,0.00901549140777114,0.0331288343558283,0.0178098676293623,0.0536585365853661,0.144329896907216,0.0138888888888888,0.00142680234749371,-0.00078247261345854
"273",2020-12-31,-0.000731350560702171,-0.0237426066529636,0.0198931116389549,0.0127689761172853,-0.0555555555555556,-0.091467938526762,0,0.00508078174144466,-0.00822239624119037
"274",2021-01-04,-0.00805074408392303,-0.0209685042753405,-0.000873362445414916,0.0296521130049032,-0.0490196078431373,0.10522631824545,0.00684931506849318,-0.0136139937948004,-0.0714567706277141
"275",2021-01-05,0.0105755041810134,0.0550800965547509,0.0378787878787878,-0.0399092970521542,0.0670103092783505,0.0814861726831329,0.00680272108843538,0.00688738848667247,0.0246598639455782
"276",2021-01-06,0.00608420540277432,-0.0532029950083195,-0.0196518809657494,-0.0262163438828532,-0.0434782608695652,0.0306461057973844,0.0236486486486487,0.00597850968141556,0.0370677731673583
"277",2021-01-07,0.0157232704402515,-0.00311937085365321,0.0074455899198167,0.0911957312636431,0.00505050505050497,0.0549242424242424,-0.013201320132013,0.0148574488020345,-0.022672712723393
"278",2021-01-08,0.0331031197904263,0.0409431467606876,0.034963047185901,0.0102244943320737,-0.00502512562814073,0.0634649910233394,0.0100334448160535,0.00569770509100498,-0.0242903930131004
"279",2021-01-11,-0.0394190871369294,-0.0373428172234218,-0.0266410326833287,-0.0239823982398241,0.0353535353535352,-0.0506457330969866,-0.0132450331125827,-0.00674080679851019,-0.010909090909091
"280",2021-01-12,-0.00071994240460771,-0.00778466816202672,0.0110045146726863,0.224075743913436,0.0439024390243905,0.0264070418778342,0.00671140939597326,0.000211254588185605,0.0282805429864252
"281",2021-01-13,-0.00576368876080702,0.0429964539007093,0.00976835054423675,-0.0486187845303867,-0.0420560747663553,0.0335239085239085,-0.0099999999999999,0.00269292710615954,-0.0563806380638063
"282",2021-01-14,-0.0198067632850242,0.0326391840203994,-0.0223880597014926,-0.0261324041811846,0.0195121951219512,0.0327717710166793,0.0067340067340067,-0.00350193528002329,0.0268143398426113
"283",2021-01-15,0.0128141941843274,0.00197547123220021,0.00763358778625967,-0.0494931425163984,-0.0382775119617226,-0.00478818373640644,0,-0.00729271257200226,-0.0246948623332387
